"pdbID","length","group","seq"
"1bcfA",158,"Bac","MKGDTKVINYLNKLLGNELVAINQYFLHARMFKNWGLKRLNDVEYHESIDEMKHADRYIERILFLEGLPNLQDLGKLNIGEDVEEMLRSDLALELDGAKNLREAIGYADSVHDYVSRDMMIEILRDEEGHIDWLETELDLIQKMGLQNYLQAQIREEG"
"1jgcA",160,"Bac","MKGDAKVIEFLNAALRSELTAISQYWVHFRLQEDWGLAKMAKKSREESIEEMGHADKIIARILFLEGHPNLQKLDPLRIGEGPRETLECDLAGEHDALKLYREARDYCAEVGDIVSKNIFESLITDEEGHVDFLETQISLYDRLGPQGFALLNAAPMDAA"
"1nfvA",169,"Bac","NREDRKAKVIEVLNKARAMELHAIHQYMNQHYSLDDMDYGELAANMKLIAIDEMRHAENFAERIKELGGEPTTQKEGKVVTGQAVPVIYESDADQEDATIEAYSQFLKVCKEQGDIVTARLFERIIEEEQAHLTYYENIGSHIKNLGDTYLAKIAGTPSSTGTASKGFV"
"2fkzA",155,"Bac","MKGDKIVIQHLNKILGNELIAINQYFLHARMYEDWGLEKLGKHEYHESIDEMKHADKLIKRILFLEGLPNLQELGKLLIGEHTKEMLECDLKLEQAGLPDLKAAIAYCESVGDYASRELLEDILESEEDHIDWLETQLDLIDKIGLENYLQSQMD"
"3e1qA",158,"Bac","MKGDTKVINYLNKLLGNELVAINQYFLHARMFKNWGLKRLNDVEYHESIDEMKHADRYIERILFLEGLPNLQDLGKLNIGEDVEEMLRSDLALELDGAKNLREAIGYADSVHDYVSRDMMIEILRDEEGHIDFLETELDLIQKMGLQNYLQAQIREEG"
"1mtyD",512,"BMA","AANRAPTSVNAQEVHRWLQSFNWDFKNNRTKYATKYKMANETKEQFKLIAKEYARMEAVKDERQFGSLQVALTRLNAGVRVHPKWNETMKVVSNFLEVGEYNAIAATGMLWDSAQAAEQKNGYLAQVLDEIRHTHQCAYVNYYFAKNGQDPAGHNDARRTRTIGPLWKGMKRVFSDGFISGDAVECSLNLQLVGEACFTNPLIVAVTEWAAANGDEITPTVFLSIETDELRHMANGYQTVVSIANDPASAKYLNTDLNNAFWTQQKYFTPVLGMLFEYGSKFKVEPWVKTWDRWVYEDWGGIWIGRLGKYGVESPRSLKDAKQDAYWAHHDLYLLAYALWPTGFFRLALPDQEEMEWFEANYPGWYDHYGKIYEEWRARGCEDPSSGFIPLMWFIENNHPIYIDRVSQVPFCPSLAKGASTLRVHEYNGEMHTFSDQWGERMWLAEPERYECQNIFEQYEGRELSEVIAELHGLRSDGKTLIAQPHVRGDKLWTLDDIKRLNCVFKNPVKAF"
"3dhgA",491,"BMA","AMHPRKDWYELTRATNWTPSYVTEEQLFPERMSGHMGIPLEKWESYDEPYKTSYPEYVSIQREKDAGAYSVKAALERAKIYENSDPGWISTLKSHYGAIAVGEYAAVTGEGRMARFSKAPGNRNMATFGMMDELRHGQLQLFFPHEYCKKDRQFDWAWRAYHSNEWAAIAAKHFFDDIITGRDAISVAIMLTFSFETGFTNMQFLGLAADAAEAGDYTFANLISSIQTDESRHAQQGGPALQLLIENGKREEAQKKVDMAIWRAWRLFAVLTGPVMDYYTPLEDRSQSFKEFMYEWIIGQFERSLIDLGLDKPWYWDLFLKDIDELHHSYHMGVWYWRTTAWWNPAAGVTPEERDWLEEKYPGWNKRWGRCWDVITENVLNDRMDLVSPETLPSVCNMSQIPLVGVPGDDWNIEVFSLEHNGRLYHFGSEVDRWVFQQDPVQYQNHMNIVDRFLAGQIQPMTLEGALKYMGFQSIEEMGKDAHDFAWADKC"
"1mtyB",384,"BMB","ERRRGLTDPEMAAVILKALPEAPLDGNNKMGYFVTPRWKRLTEYEALTVYAQPNADWIAGGLDWGDWTQKFHGGRPSWGNETTELRTVDWFKHRDPLRRWHAPYVKDKAEEWRYTDRFLQGYSADGQIRAMNPTWRDEFINRYWGAFLFNEYGLFNAHSQGAREALSDVTRVSLAFWGFDKIDIAQMIQLERGFLAKIVPGFDESTAVPKAEWTNGEVYKSARLAVEGLWQEVFDWNESAFSVHAVYDALFGQFVRREFFQRLAPRFGDNLTPFFINQAQTYFQIAKQGVQDLYYNCLGDDPEFSDYNRTVMRNWTGKWLEPTIAALRDFMGLFAKLPAGTTDKEEITASLYRVVDDWIEDYASRIDFKADRDQIVKAVLAGLK"
"2incB",322,"BMB","ALKPLKTWSHLAGNRRRPSEYEVVSTNLHYFTDNPERPWELDSNLPMQTWYKKYCFDSPLKHDDWNAFRDPDQLVYRTYNLLQDGQESYVQGLFDQLNDRGHDQMLTREWVETLARFYTPARYLFHALQMGSVYIHQIAPASTITNCATYETADHLRWLTHTAYRTRELANCYPDVGFGKRERDVWENDPAWQGFRELIEKALIAWDWGEAFTAINLVTKPAVEEALLQQLGSLAQSEGDTLLGLLAQAQKRDAERHRRWSSALVKMALEKEGNREVLQKWVAKWEPLADKAIEAYCSALPDGENAIVEAKSASRYVRQMMG"
"2inpC",318,"BMB","PIRHTYGHIARRFGDKPATRYQEASYDIEAKTNFHYRPQWDSEHTLNDPTRTAIRMEDWCAVSDPRQFYYGAYVGNRAKMQESAETSFGFCEKRNLLTRLSEETQKQLLRLLVPLRHVELGANMNNAKIAGDATATTVSQMHIYTGMDRLGIGQYLSRIALMIDGSTGAALDESKAYWMDDEMWQPMRKLVEDTLVVDDWFELTLVQNILIDGMMYPLVYDKMDQWFESQGAEDVSMLTEFMRDWYKESLRWTNAMMKAVAGESETNRELLQKWIDHWEPQAYEALKPLAEASVGIDGLNEARAELSARLKKFELQSR"
"1dpsA",159,"Dps","SKATNLLYTRNDVSDSEKKATVELLNRQVIQFIDLSLITKQAHWNMRGANFIAVHEMLDGFRTALIDHLDTMAERAVQLGGVALGTTQVINSKTPLKSYPLDIHNVQDHLKELADRYAIVANDVRKAIGEAKDDDTADILTAASRDLDKFLWFIECNIE"
"1ji4A",144,"Dps","MKTFEILKHLQADAIVLFMKVHNFHWNVKGTDFFNVHKATEEIYEEFADMFDDLAERIVQLGHHPLVTLSEAIKLTRVKEETKTSFHSKDIFKEILEDYKYLEKEFKELSNTAEKEGDKVTVTYADDQLAKLQKSIWMLQAHLA"
"1ji5A",142,"Dps","QVIEVLNKQVADWSVLFTKLHNFHWYVKGPQFFTLHEKFEELYTESATHIDEIAERILAIGGKPVATMKEYLEISSIQEAAYGETAEGMVEAIMKDYEMMLVELKKGMEIAQNSDDEMTSDLLLGIYTELEKHAWMLRAFLN"
"1jigA",146,"Dps","STKTNVVEVLNKQVANWNVLYVKLHNYHWYVTGPHFFTLHEKFEEFYNEAGTYIDELAERILALEGKPLATMKEYLATSSVNEGTSKESAEEMVQTLVNDYSALIQELKEGMEVAGEAGDATSADMLLAIHTTLEQHVWMLSAFLK"
"1jtsA",155,"Dps","NLLYTRNDVSDSEKKATVELLNRQVIQFIDLSLITKQAHWNMRGANFIAVHEMLDGFRTALICHLATMAERAVQLGGVALGTTQVINSKTPLKSYPLDIHNVQDHLKELADRYAIVANDVRKAIGEAKDDDTADILTAASRDLDKFLWFIESNIE"
"1n1qA",149,"Dps","MKTSIQQLVAVLLNRQVANWVVLYVKLHNFHWNVNGPNFFTLHEKFEELYTEASGHIDTLAERVLSIGGSPIATLAASLEEASIKEATGGESAAEMVSSVVNDFVDLVGELKVARDVADEADDEATADMLDAIEAGLEKHVWMLEAFLE"
"1o9rA",162,"Dps","MKTHKTKNDLPSNAKSTVIGILNESLASVIDLALVTKQAHWNLKGPQFIAVHELLDTFRTQLDNHGDTIAERVVQLGGTALGSLQAVSSTTKLKAYPTDIYKIHDHLDALIERYGEVANMIRKAIDDSDEAGDPTTADIFTAASRDLDKSLWFLEAHVQEKS"
"1qghA",150,"Dps","VDTKEFLNHQVANLNVFTVKIHQIHWYMRGHNFFTLHEKMDDLYSEFGEQMDEVAERLLAIGGSPFSTLKEFLENASVEEAPYTKPKTMDQLMEDLVGTLELLRDEYKQGIELTDKEGDDVTNDMLIAFKASIDKHIWMFKAFLGKAPLE"
"1tjoA",180,"Dps","STQKNARATAGEVEGSDALRMDADRAEQCVDALNADLANVYVLYHQLKKHHWNVEGAEFRDLHLFLGEAAETAEEVADELAERVQALGGVPHASPETLQAEASVDVEDEDVYDIRTSLANDMAIYGDIIEATREHTELAENLGDHATAHMLREGLIELEDDAHHIEHYLEDDTLVTQGAL"
"1tk6A",180,"Dps","STQKNARATAGEVEGSDALRMDADRAEQCVDALNADLANVYVLYHQLKKHHWNVEGAEFRDLHLFLGEAAETAEEVADELAERVQALGGVPHASPETLQAEASVDVEDEDVYDIRTSLANDMAIYGDIIEATREHTELAENLGDHATAHMLREGLIELEDDAHHIEHYLEDDTLVTQGAL"
"1uvhA",157,"Dps","TIPGLSDKKASDVADLLQKQLSTYNDLHLTLKHVHWNVVGPNFIGVHEMIDPQVELVRGYADEVAERIATLGKSPKGTPGAIIKDRTWDDYSVERDTVQAHLAALDLVYNGVIEDTRKSIEKLEDLDLVSQDLLIAHAGELEKFQWFVRAHLESAGG"
"2chpA",148,"Dps","AKTNQTLVENSLNTQLSNWFLLYSKLHRFHWYVKGPHFFTLHEKFEELYDHAAETVDTIAERLLAIGGQPVATVKEYTEHASITDGGNETSASEMVQALVNDYKQISSESKFVIGLAEENQDNATADLFVGLIEEVEKQVWMLSSYLG"
"2fjcA",151,"Dps","PDARAIAAICEQLRQHVADLGVLYIKLHNYHWHIYGIEFKQVHELLEEYYVSVTEAFDTIAERLLQLGAQAPASMAEYLALSGIAEETEKEITIVSALARVKRDFEYLSTRFSQTQVLAAESGDAVTDGIITDILRTLGKAIWMLGATLKA"
"2ux1A",151,"Dps","LADSKAVLNQAVADLSVAHSILHQVHWYMRGRGFMIWHPKMDEYMEEIDGYLDEMSERLITLGGAPFSTLKEFSENSQLKEVLGDYNVTIEEQLARVVEVFRYLAALFQKGFDVSDEEGDSVTNDIFNVAKASIEKHIWMLQAELGQAPKL"
"2vzbA",168,"Dps","AKESVKILQGKLDVKSLIDQLNAALSEEWLAYYQYWVGALVVEGAMRADVQGEFEEHAEEERHHAQLIADRIIELEGVPVLDPKKWFELARCKYDSPTAFDSVSLLNQNVSSERCAILRYQEIANFTNGKDYTTCDIAKHILAEEEEHEQDLQDYLTDIARMKESFLK"
"1afrA",345,"FAD","MPPREVHVQVTHSMPPQKIEIFKSLDNWAEENILVHLKPVEKCWQPQDFLPDPASDGFDEQVRELRERAKEIPDDYFVVLVGDMITEEALPTYQTMLNTLDGVRDETGASPTSWAIWTRAWTAEENRHGDLLNKYLYLSGRVDMRQIEKTIQYLIGSGMDPRTENSPYLGFIYTSFQERATFISHGNTARQAKEHGDIKLAQICGTIAADEKRHETAYTKIVEKLFEIDPDGTVLAFADMMRKKISMPAHLMYDGRDDNLFDHFSAVAQRLGVYTAKDYADILEFLVGRWKVDKLTGLSAEGQKAQDYVCRLPPRIRRLEERAQGRAKEAPTMPFSWIFDRQVKL"
"1za0A",242,"FAD","DALTLELEPVVEANMTRHLDTEDIWFAHDYVPFDQGENFAFLGGRDWDPSQSTLPRTITDACEILLILKDNDWWGRWLGRWTAEEHLHAIALREYLVVTREVDPVANEDVRVKYTQVETLVYMAFYERCGAVFCRNLAAQIEEPILAGLIDRIARDEVRHEEFFANLVTHCLDYTRDETIAAIAARAADLDVLGADIEAYRDKLQNVADAGIFGKPQLRQLISDRITAWGLAGEPSLKQFVT"
"2uw1A",327,"FAD","LEIFKSLDDWARNNVLIHLKSVEKSWQPQDYLPDPVSDGFEEQVRELRERAKEIPDDYFVVLVGDMITEEALPTYMSMLNRCDGIKDETGAEPSAWAMWTRAWTAEENRHGDLLNKYLYLSGRVDMRKIEKTIQYLIGSGMDIKSENSPYLGFIYTSFQERATFISHANTAKLAQHYGDKKLAHICGSIASDEKRHATAYTKIVEKLAEIDPDTTVIAFADMMRKKITMPAHLMYDGSDELLFKHFTAVAQRLGVYSALDYCDILEFLVDKWNVERLTGLSDEGRKAQEYVCELGPKIRRLEERAQGRAKEAPTMPFSWIFDRQVKL"
"2uw1B",338,"FAD","MQVTHSMPPQKLEIFKSLDDWARNNVLIHLKSVEKSWQPQDYLPDPVSDGFEEQVRELRERAKEIPDDYFVVLVGDMITEEALPTYMSMLNRCDGIKDETGAEPSAWAMWTRAWTAEENRHGDLLNKYLYLSGRVDMRKIEKTIQYLIGSGMDIKSENSPYLGFIYTSFQERATFISHANTAKLAQHWGDKNLAHICGSIASDEKRHATAYTKIVEKLAEIDPDTTVIAFADMMRKKITMPAHLMYDGSDELLFKHFTAVAQRVGVYSALDYCDILEFLVDKWNVERLTGLSDEGRKAQEYVCELGPKIRRLEERAQGRAKEAPTMPFSWIFDRQVKL"
"1bg7A",153,"Fer","DSQVRQNFHRDCEAAINRMVNMELYASYTYLSMAFYFDRDDIALHNVAKFFKEQSHEEREHAEKLMKDQNKRGGRIVLQDVQKPERDEWGNTLEAMQAALQLEKTVNQALLDLPEEQVKSIKQLGDYITNLKRLGLPQNGMGEYLFDKHTMGE"
"1eumA",161,"Fer","LKPEMIEKLNEQMNLELYSSLLYQQMSAWCSYHTFEGAAAFLRRHAQEEMTHMQRLFDYLTDTGNLPRINTVESPFAEYSSLDELFQETYKHEQLITQKINELAHAAMTNQDYPTFNFLQWYVSEQHEEEKLFKSIIDKLSLAGKSGEGLYFIDKELSTLD"
"1krqA",165,"Fer","MLSKEVVKLLNEQINKEMYAANLYLSMSSWCYENSLDGAGAFLFAHASEESDHAKKLITYLNETDSHVELQEVKQPEQNFKSLLDVFEKTYEHEQFITKSINTLVEHMLTHKDYSTFNFLQWYVSEQHEEEALFRGIVDKIKLIGEHGNGLYLADQYIKNIALSR"
"1lb3A",167,"Fer","SQIRQNYSTEVEAAVNRLVNLHLRASYTYLSLGFFFDRDDVALEGVGHFFRELAEEKREGAERLLEFQNDRGGRALFQDVQKPSQDEWGKTQEAMEAALAMEKNLNQALLDLHALGSARADPHLCDFLESHYLDKEVKLIKKMGNHLTNLRRVASLGEYLFERLTLK"
"1r03A",171,"Fer","SRVRQNFHPDSEAAINRQINLELYASYVYLSMAYYFSRDDVALNNFSRYFLHQSREETEHAEKLMRLQNQRGGRIRLQDIKKPEQDDWESGLHAMECALLLEKNVNQSLLELHALASDKGDPHLCDFLETYYLNEQVKSIKELGDHVHNLVKMGAPDAGLAEYLFDTHTLG"
"1vlgA",164,"Fer","MMVISEKVRKALNDQLNREIYSSYLYLSMATYFDAEGFKGFAHWMKKQAQEELTHAMKFYEYIYERGGRVELEAIEKPPSNWNGIKDAFEAALKHEEFVTQSIYNILELASEEKDHATVSFLKWFVDEQVEEEDQVREILDLLEKANGQMSVIFQLDRYLGQRE"
"1z6oA",200,"Fer","GITSNSLALPRCNAVYGEYGSHGNVATELQAYAKLHLERSYDYLLSAAYFNNYQTNRAGFSKLFKKLSDEAWSKTIDIIKHVTKRGDKMNFDQHSTMKTERKNYTAENHELEALAKALDTQKELAERAFYIHREATRNSQHLHDPEIAQYLEEEFIEDHAEKIRTLAGHTSDLKKFITANNGHDLSLALYVFDEYLQKTV"
"1z6oM",191,"Fer","TQCNVNPVQIPKDWITMHRSCRNSMRQQIQMEVGASLQYLAMGAHFSKDVVNRPGFAQLFFDAASEEREHAMKLIEYLLMRGELTNDVSSLLQVRPPTRSSWKGGVEALEHALSMESDVTKSIRNVIKACEDDSEFNDYHLVDYLTGDFLEEQYKGQRDLAGKASTLKKLMDRHEALGEFIFDKKLLGIDV"
"2jd7A",167,"Fer","MLSERMLKALNDQLNRELYSAYLYFAMAAYFEDLGLEGFANWMKAQAEEEIGHALRFYNYIYDRNGRVELDEIPKPPKEWESPLKAFEAAYEHEKFISKSIYELAALAEEEKDYSTRAFLEWFINEQVEEEASVKKILDKLKFAKDSPQILFMLDKELSARAPKLPG"
"2za7A",170,"Fer","IRQNYSTEVEAAVNRLVNLYLRASYTYLSLGFYFDRDDVALEGVCHFFRELAEEKREGAERLLKMQNQRGGRALFQDLQKPSQDEWGTTPDAMKAAIVLEKSLNQALLDLHALGSAQADPHLCDFLESHFLDEEVKLIKKMGDHLTNIQRLVGSQAGLGEYLFERLTLKH"
"3e6sA",159,"Fer","SEELLDLFNRQVTQEFTASQVYLSASIWFDQNDWEGMAAYMLAESAEEREHGLGFVDFANKRNIPIELQAVPAPVSCAEWSSPEDVWQSILELEQANTRSLLNLAEAASTCHDFAVMAFLNPFHLQQVNEEDKIGSILAKVTDENRTPGLLRSLDVVSF"
"1lkoA",146,"Rub","KSLKGSRTEKNILTAFAGESQARNRYNYFGGQAKKDGFVQISDIFAETADQEREHAKRLFKFLEGGDLEIVAAFPAGIIADTHANLIASAAGEHHEYTEMYPSFARIAREEGYEEIARVFASIAVAEEFHEKRFLDFARNIKEGRV"
"1yuzA",133,"Rub","KTAVGSTLENLKAAIAGETGAHAKYTAFAKAAREQGYEQIARLFEATAAAELIHIGLEYALVAEMEPGYEKPTVPSAYSCDLNLISGANGEIYETSDMYPAFIRKAQEEGNSKAVHVFTRAKLAESVHAERYL"
"2fzfA",158,"Rub","GLPIEKMADFSLEELLGMAIKAEIGAREFYKSLAEKIKIEALKEKINWLAEEEKKHEALLRKLYSQMFPGKEVVFPKEHIGPELQPVARELEKVQDIIDLIRWAMKAEEIAAEFYLKLEEMVKEEEKKRLMRYLADMERGHYYTLRAEYELLLNWEMY"
"3qhbA",179,"Rub","GLNYNQEDFMGLDRFFQDAVSHNNTDANAASSIEVEMYECDCMYPTFAEIARRSGQPEIGAMFDAIAKEEGMHAQLLTKLYSELEVKDSAETLEAKRLVSTIESQIDAVASDSRGLRRALETALEVETIESQKTYPAFAKLAAEQGNMEVATAFEAIVKSETKHANWVKRALENLLEVA"
"1otkA",242,"Rub","NQLTAYTLRLGDNCLVLSQRLGEWCGHAPELEIDLALANIGLDLLGQARNFLSYAAELAGEGDEDTLAFTRDERQFSNLLLVEQPNGNFADTIARQYFIDAWHVALFTRLMESRDPQLAAISAKAIKEARYHLRFSRGWLERLGNGTDVSGQKMQQAINKLWRFTAELFDADEIDIALSEEGIAVDPRTLRAAWEAEVFAGINEATLNVPQEQAYRTGGKKGLHTEHLGPMLAEMQYLQRVL"
"1jk0A",334,"RNR","LNKELETLREENRVKSDMLKEKLSKDAENHKAYLKSHQVHRHKLKEMEKEEPLLNEDKERTVLFPIKYHEIWQAYKRAEASFWTAEEIDLSKDIHDWNNRMNENERFFISRVLAFFAASDGIVNENLVENFSTEVQIPEAKSFYGFQIMIENIHSETYSLLIDTYIKDPKESEFLFNAIHTIPEIGEKAEWALRWIQDADALFGERLVAFASIEGVFFSGSFASIFWLKKRGMMPGLTFSNELICRDEGLHTDFACLLFAHLKNKPDPAIVEKIVTEAVEIEQRYFLDALPVALLGMNADLMNQYVEFVADRLLVAFGNKKYYKVENPFDFMEN"
"1mxrA",339,"RNR","AYTTFSQTKNDQLKEPMFFGQPVNVARYDQQKYDIFEKLIEKQLSFFWRPEEVDVSRDRIDYQALPEHEKHIFISNLKYQTLLDSIQGRSPNVALLPLISIPELETWVETWAFSETIHSRSYTHIIRNIVNDPSVVFDDIVTNEQIQKRAEGISSYYDELIEMTSYWHLLGEGTHTVNGKTVTVSLRELKKKLYLCLMSVNALEAIRFYVSFACSFAFAERELMEGNAKIIRLIARDEALHLTGTQHMLNLLRSGADDPEMAEIAEECKQECYDLFVQAAQQEKDWADYLFRDGSMIGLNKDILCQYVEYITNIRMQAVGLDLPFQTRSNPIPWINTWL"
"1oquA",296,"RNR","SNEYDEYIANHTDPVKAINWNVIPDEKDLEVWDRLTGNFWLPEKIPVSNDIQSWNKMTPQEQLATMRVFTGLTLLDTIQGTVGAISLLPDAETMHEEAVYTNIAFMESVHAKSYSNIFMTLASTPQINEAFRWSEENENLQRKAKIIMSYYNGDDPLKKKVASTLLESFLFYSGFYLPMYLSSRAKLTNTADIIRLIIRDESVHGYYIGYKYQQGVKKLSEAEQEEYKAYTFDLMYDLYENEIEYTEDIYDDLGWTEDVKRFLRYNANKALNNLGYEGLFPTDETKVSPAILSSLS"
"1r2fA",283,"RNR","ISAINWNKIQDDKDLEVWNRLTSNFWLPEKVPLSNDIPAWQTLSAAEQQLTIRVFTGLTLLDTIQNIAGAPSLMADAITPHEEAVLSNISFMEAVHARSYSSIFSTLCQTKEVDAAYAWSEENPPLQRKAQIILAHYVSDEPLKKKIASVFLESFLFYSGFWLPMYFSSRGKLTNTADLIRLIIRDEAVHGYYIGYKYQIALQKLSAIEREELKLFALDLLMELYDNEIRYTEALYAETGWVNDVKAFLCYNANKALMNLGYEALFPPEMADVNPAILAALSP"
"1uzrA",282,"RNR","RVSAINWNRLQDEKDAEVWDRLTGNFWLPEKVPVSNDIPSWGTLTAGEKQLTMRVFTGLTMLDTIQGTVGAVSLIPDALTPHEEAVLTNIAFMESVHAKSYSQIFSTLCSTAEIDDAFRWSEENRNLQRKAEIVLQSYRGDEPLKRKVASTLLESFLFYSGFYLPMYWSSRAKLTNTADMIRLIIRDEAVHGYYIGYKFQRGLALVDDVTRAELKDYTYELLFELYDNEVEYTQDLYDEVGLTEDVKKFLRYNANKALMNLGYEALFPRDETDVNPAILSAL"
"1w68A",281,"RNR","VEDEPLLRENPRRFVVFPIEYHDIWQMYKKAEASFWTAEEVDLSKDIQHWEALKPDERHFISHVLAFFAASDGIVNENLVERFSQEVQVTEARCFYGFQIAMENIHSEMYSLLIDTYIKDPKEREYLFNAIETMPCVKKKADWALRWIGDKEATYGERVVAFAAVEGIFFSGSFASIFWLKKRGLMPGLTFSNELISRDEGLHCDFACLMFKHLVHKPAEQRVREIITNAVRIEQEFLTEALPVKLIGMNCTLMKQYIEFVADRLMLELGFNKIFRVENPF"
"2uw2A",275,"RNR","GVEDEPLLRENPIFPIEYHDIWQMYKKAEASFWTAEEVDLSKDIQHWESLKPEERYFISHVLAFFAASDGIVNENLVERFSQEVQITEARCFYGFQIAMENIHSEMYSLLIDTYIKDPKEREFLMPCVKKKADWALRWIGDKEATYGERVVAFAAVEGIFFSGSFASIFWLKKRGPMPGLTFSNELISRDEGLHCDFACLMFKHLVHKPSEERVREIIINAVRIEQEFLTEALPVKLIGMNCTLMKQYIEFVADRLMLELGFSKVFRVENPFDFM"
"3ee4A",289,"RNR","TRTRSGSLAAGGLNWASLPLKLFAGGNAKFWHPADIDFTRDRADWEKLSDDERDYATRLCTQFIAGEEAVTEDIQPFMSAMRAEGRLADEMYLTQFAFEEAKHTQVFRMWLDAVGISEDLHRYLDDLPAYRQIFYAELPECLNALSADPSPAAQVRASVTYNHIVEGMLALTGYYAWHKICVERAILPGMQELVRRIGDDERRHMAWGTFTCRRHVAADDANWTVFETRMNELIPLALRLIEEGFALYGDQPPFDLSKDDFLQYSTDKGMRRFGTISNARGRPVAEIDV"
