"globin","seq"
"Alpha","VLSPADKTNIKSTWDKIGGHAGDYGGEALDRTFQSFPTTKTYFPHFDLSPGSAQVKAHGKKVADALTTAVAHLDDLPGALSALSDLHAYKLRVDPVNFKLLSHCLLVTLACHHPTEFTPAVHASLDKFFTAVSTVLTSKYR"
"Alpha","VLSAADKGNVKAAWGKVGGHAAEYGAEALERMFLSFPTTKTYFPHFDLSHGSAQVKGHGAKVAAALTKAVEHLDDLPGALSELSDLHAHKLRVDPVNFKLLSHSLLVTLASHLPSDFTPAVHASLDKFLANVSTVLTSKYR"
"Alpha","VLSAANKSNVKAAWGKVGGNAPAYGAQALQRMFLSFPTTKTYFPHFDLSHGSAQQKAHGQKVANALTKAQGHLNDLPGTLSNLSNLHAHKLRVNPVNFKLLSHSLLVTLASHLPTNFTPAVHANLNKFLANDSTVLTSKYR"
"Alpha","VLSAADKANVKAAWGKVGGQAGAHGAEALERMFLGFPTTKTYFPHFNLSHGSDQVKAHGQKVADALTKAVGHLDDLPGALSALSDLHAHKLRVDPVNFKLLSHCLLVTLAAHHPDDFNPSVHASLDKFLANVSTVLTSKYR"
"Alpha","VLSAADKTNVKAAWSKVGGNAGEFGAEALERMFLGFPTTKTYFPHFDLSHGSAQVKAHGKKVGDALTLAVGHLDDLPGALSNLSDLHAHKLRVDPVNFKLLSHCLLSTLAVHLPNDFTPAVHASLDKFLSSVSTVLTSKYR"
"Alpha","VLSPADKTNIKSTWDKIGGHAGDYGGEALDRTFQSFPTTKTYFPHFDLSPGSAQVKAHGKKVADALTTAVAHLDDLPGALSALSDLHAYKLRVDPVNFKLLSHCLLVTLACHHPTEFTPAVHASLDKFFTAVSTVLTSKYR"
"Alpha","VLSAADKTNVKAAWSKVGGHAGEYGAEALERMFLGFPTTKTYFPHFDLSHGSAQVKAHGKKVADGLTLAVGHLDDLPGALSDLSNLHAHKLRVDPVNFKLLSHCLLSTLAVHLPNDFTPAVHASLDKFLSSVSTVLTSKYR"
"Alpha","LSPADKTNVKAAWGKVGAHAGEYGAEALERMFLSFPTTKTYFPHFDLSHGSAQVKGHGKKVADALTNAVAHVDDMPNALSALSDLHAHKLRVDPVNFKLLSHCLLVTLAAHLPAEFTPAVHASLDKFLASVSTVLTSKYR"
"Alpha","VLSAADKSNVKAAWGKVGGNAGAYGAEALERMFLSFPTTKTYFPHFDLSHGSAQVKGHGEKVAAALTKAVGHLDDLPGTLSDLSDLHAHKLRVDPVNFKLLSHSLLVTLACHLPNDFTPAVHASLDKFLANVSTVLTSKYR"
"Alpha","VLSPADKTNIKTAWEKIGSHGGEYGAEAVERMFLGFPTTKTYFPHFDFTHGSEQIKAHGKKVSEALTKAVGHLDDLPGALSTLSDLHAHKLRVDPVNFKLLSHCLLVTLANHHPSEFTPAVHASLDKFLANVSTVLTSKYR"
"Alpha","VLSAADKNNVKTTWDKIGGHAAEYVAEGLTRMFTSFPTTKTYFHHIDVSPGSGDIKAHGKKVADALTTAVGHLDDLPTALSTLSDVHAHKLRVDPVNFKFLNHCLLVTLAAHLGADFTPSIHASLDKFFASVSTVLTSK"
"Alpha","VLSAADKSNIQAAWGKVGGHAADYGAEALERMFLSFPTTKTYFPHFDLSHGSAQVKGHGAKVANALTKAVGHLDDLPGALSELSDLHAHKLRVDPVNFKLLSHSLLVTLASHLPNDFTPAVHASLDKFLASVSTVLTSKYR"
"Alpha","VLSAADKSNVKAAWGKVGGNAGAYGAEALERMFLSFPTTKTYFPHFDLSHGSAQVKGHGEKVAAALTKAVGHLDDLPGTLSDLSDLHAHKLRVDPVNFKLLSHSLLVTLACHLPNDFTPAVHASLDKFLANVSTVLTSKYR"
"Alpha","VLSAADKSNVKACWGKIGSHAGEYGAEALERTFCSFPTTKTYFPHFDLSHGSAQVKAHGQKVADALTQAVAHMDDLPTAMSALSDLHAYKLRVDPVNFKFLSHCLLVTLACHHPAEFTPAVHASLDKFFSAVSTVLTSKYR"
"Alpha","VLSADDKTNIKNCWGKIGGHGGEYGEEALQRMFAAFPTTKTYFSHIDVSPGSAQVKAHGKKVADALAKAADHVEDLPGALSTLSDLHAHKLRVDPVNFKFLSHCLLVTLACHHPGDFTPAMHASLDKFLASVSTVLTSK"
"Alpha","VLSSTDKSNVKAAWDKVGGNVGEYGAEALERMFLSFPTTKTYFPHFDLAHGSSQVKAHGKKVGDALTNAVGHIDDLPGALSALSDLHAYKLRVDPVNFKLLSHCLLVTLASHLPSDFTPAVHASLDKFLASVSTVLTSKYR"
"Alpha","VLSSKDKTNVKTAFGKIGGHAAEYGAEALERMFLGFPTTKTYFPHFDLSHGSAQVKAHGKKVGDALTKAADHLDDLPSALSALSDLHAHKLRVDPVNFKLLSHCLLVTVAAHHPGDFTPSVHASLDKFLANVSTVLTSKYR"
"Alpha","VLSPADKTNIKSTWDKIGGHAGDYGGEALDRTFQSFPTTKTYFPHFDLSPGSAQVKAHGKKVADALTTAVAHLDDLPGALSALSDLHAYKLRVDPVNFKLLSHCLLVTLACHHPTEFTPAVHASLDKFFAAVSTVLTSKYR"
"Alpha","VLSPADKTNIKTAWEKIGSHGGEYGAEAVERMFLGFPTTKTYFPHFDFTHGSEQIKAHGKKVSEALTKAVGHLDDLPGALSALSDLHAHKLRVDPVNFKLLSHCLLVTLANHHPSEFTPAVHASLDKFLANVSTVLTSKYR"
"Alpha","VLSDNDKTNVKATWSKVGDHASDYVAEALERMFFSFPTTKTYFPHFDLSHGSGQVKGHGKKVGEALTQAVGHLDDLPSALSALSDLHAHKLRVDPVNFKLLSHCLLVTLSSHQPTEFTPEVHASLDKFLSNVSTVLTSKYR"
"Alpha","VLSPADKTNIKASWEKIGSHGGEYGAEALERTFLCFPTTKTYFPHFDLSHGSAQVKAHGKKVADALTNAVGHLDDLPGALSALSDLHAYKLRVDPVNFKLLSHCLLVTLASHHPAEFTPAVHASLDKFLSSVSTVLTSKYR"
"Beta","VHLTAEEKSLVSGLWGKVNVDEVGGEALGRLLIVYPWTQRFFDSFGDLSTPDAVMSNAKVKAHGKKVLNSFSDGLKNLDNLKGTFAKLSELHCDKLHVDPENFKLLGNVLVCVLAHHFGKEFTPQVQAAYQKVVAGVANALAHKYH"
"Beta","MLTAEEKAAVTAFWGKVKVDEVGGEALGRLLVVYPWTQRFFESFGDLSTADAVMNNPKVKAHGKKVLDSFSNGMKHLDDLKGTFAALSELHCDKLHVDPENFKLLGNVLVVVLARNFGKEFTPVLQADFQKVVAGVANALAHRYH"
"Beta","MLTAEEKAAVTGFWGKVDVDVVGAQALGRLLVVYPWTQRFFQHFGNLSSAGAVMNNPKVKAHGKRVLDAFTQGLKHLDDLKGAFAQLSGLHCNKLHVNPQNFRLLGNVLALVVARNFGGQFTPNVQALFQKVVAGVANALAHKYH"
"Beta","VHLSAEEKEAVLGLWGKVNVDEVGGEALGRLLVVYPWTQRFFESFGDLSNADAVMGNPKVKAHGKKVLQSFSDGLKHLDNLKGTFAKLSELHCDQLHVDPENFRLLGNVIVVVLARRLGHDFNPDVQAAFQKVVAGVANALAHKYH"
"Beta","VQLSGEEKAAVLALWDKVNEEEVGGEALGRLLVVYPWTQRFFDSFGDLSNPGAVMGNPKVKAHGKKVLHSFGEGVHHLDNLKGTFAALSELHCDKLHVDPENFRLLGNVLVVVLARHFGKDFTPELQASYQKVVAGVANALAHKYH"
"Beta","HLTAEEKSLVSGLWAKVNVDEVGGEALGRLLIVYPWTQRFFDSFGDLSTPDSVMSNAKVKAHGKKVLNSFSDGLKNLDNLKGTFAKLSELHCDKLHVDPENFKLLGNVLVCVLAHHFGKEFTPQVQAAYQKVVAGVANALAHKY"
"Beta","VQLSGEEKAAVLALWDKVNEEEVGGEALGRLLVVYPWTQRFFDSFGDLSNPGAVMGNPKVKAHGKKVLHSFGEGVHHLDNLKGTFAALSELHCDKLHVDPENFRLLGNVLALVVARHFGKDFTPELQASYQKVVAGVANALAHKYH"
"Beta","HLTPEEKSAVTALWGKVNVDEVGGEALGRLLVVYPWTQRFFESFGDLSTPDAVMGNPKVKAHGKKVLGAFSDGLAHLDNLKGTFATLSELHCDKLHVDPENFRLLGNVLVCVLAHHFGKEFTPPVQAAYQKVVAGVANALAHKYH"
"Beta","MLTAEEKAAVTGFWGKVKVDEVGAEALGRLLVVYPWTQRFFEHFGDLSNADAVMNNPKVKAHGKKVLDSFSNGMKHLDDLKGTFAQLSELHCDKLHVDPENFRLLGNVLVVVLARHHGNEFTPVLQADFQKVVAGVANALAHKYH"
"Beta","VHLSSEEKSAVTALWGKVNVEEVGGEALGRLLVVYPWTQRFFESFGDLSSANAVMNNPKVKAHGKKVLAAFSEGLSHLDNLKGTFAKLSELHCDKLHVDPENFRLLGNVLVIVLSHHFGKEFTPQVQAAYQKVVAGVANALAHKYH"
"Beta","VHLTAAEKSAILDLWGKVNVGEIGAEALGRLLVVYPWTQRFFEKFGDLSSASAIMSNAHVKSHGAKVLASFSEGLKHLQDLKGTFAKLSELHCDKLHVDPENFRLLGNMLTIAIAHHHPSEFTPCTQAAFQKVTAGVANALAHK"
"Beta","MLTAEEKAAVTAFWGKVHVDEVGGEALGRLLVVYPWTQRFFESFGDLSTADAVMNNPKVKAHGKKVLDSFSNGMKHLDDLKGTFAALSELHCDKLHVDPENFKLLGNVLVVVLARHFGKEFTPVLQADFQKVVAGVANALAHRYH"
"Beta","MLTAEEKAAVTGFWGKVKVDEVGAEALGRLLVVYPWTQRFFEHFGDLSSADAVMNNAKVKAHGKKVLDSFSNGMKHLDDLKGTFAQLSELHCDKLHVDPENFKLLGNVLVVVLARHHGSEFTPLLQAEFQKVVAGVANALAHRYH"
"Beta","FLTAEEKGLVNGLWGKVNVDEVGGEALGRLLVVYPWTQRFFESFGDLSSADAIMSNAKVKAHGKKVLNSFSDGLKNIDDLKGAFAKLSELHCDKLHVDPENFRLLGNVLVCVLAHHFGHDFNPQVQAAFQKVVAGVANALAHKYH"
"Beta","VHLTDAEKAAVNGLWGKVNPDDVGGEALGRLLVVYPWTQRYFDSFGDLSSASAIMGNPKVKAHGKKVINAFNDGLKHLDNLKGTFAHLSELHCDKLHVDPENFRLLGNMIVIVLGHHLGKEFTPCAQAAFQKVVAGVASALAHKY"
"Beta","VHLSGEEKAAVTGLWGKVKVDEVGGEALGRLLVVYPWTQRFFDSFGDLSSASAVMGNPKVKAHGKKVLDSFSEGLQHLDNLKGTFAKLSELHCDKLHVDPENFRLLGNVLVCVLARHFGKEFTPQVQAAYQKVVAGVANALAHKYH"
"Beta","VHLSGDEKNAVHGLWSKVKVDEVGGEALGRLLVVYPWTRRFFESFGDLSTADAVMNNPKVKAHGSKVLNSFGDGLNHLDNLKGTYAKLSELHCDKLHVDPENFRLLGNVLVVVLARHFGKEFTPDLQAAYQKVVAGVANALAHRYH"
"Beta","VHLTAEEKSLVSGLWGKVNVDEVGGEALGRLLIVYPWTQRFFDSFGDLSTPDAVMSNAKVKAHGKKVLNSFSDGLKNLDNLKGTFAKLSELHCDKLHVDPENFKLLGNVLVCVLAHHFGKEFTPQVQAAYQKVVAGVANALAHKYH"
"Beta","VHLSGEEKSAVTALWGKVNVEEVGGETLGRLLVVYPWTQRFFESFGDLSTASAVMGNPKVKAHGKKVLAAFSEGLSHLDNLKGTFAKLSELHCDKLHVDPENFRLLGNVLVIVLSHHFGKEFTPQVQAAYQKVVAGVANALAHKYH"
"Beta","VNLTAAEKTQVANLWGKVNVKELGGEALSRLLVVYPWTRRFFEHFGDLSTADAVLHNAKVLAHGEKVLTSFGEGLKHLDNLKGTFSDLSELHCDKLHVDPQNFRLLGNVLVIVLARHFGKEFTPDVQAAYEKVVAGVANALAHKYH"
"Beta","VHLTAEEKAHVSGLWGKVNTEEVGGEALGRLLVVYPWTQRFFETFGDLSSANAIMNNPKVKAHGKKVLSSFSDGLKNLDNLKGTFAALSELHCDKLHVDPENFKLLGNVLVCVLAHHFGKEFTPQVQAAYQKIVAGVANALAHKYH"
