"family","pdbID","seq","length"
"ARF","P18085","MGLTISSLFSRLFGKKQMRILMVGLDAAGKTTILYKLKLGEIVTTIPTIGFNVETVEYKNICFTVWDVGGQDRIRPLWKHYFQNTQGLIFVVDSNDRERIQEVADELQKMLLVDELRDAVLLLFANKQDLPNAMAISEMTDKLGLQSLRNRTWYVQATCATQGTGLYEGLDWLSNELSKR",180
"ARF","P36404","MGLLTILKKMKQKERELRLLMLGLDNAGKTTILKKFNGEDIDTISPTLGFNIKTLEHRGFKLNIWDVGGQKSLRSYWRNYFESTDGLIWVVDSADRQRMQDCQRELQSLLVEERLAGATLLIFANKQDLPGALSSNAIREVLELDSIRSHHWCIQGCSAVTGENLLPGIDWLLDDISSRIFTAD",184
"ARF","P36405","MGLLSILRKLKSAPDQEVRILLLGLDNAGKTTLLKQLASEDISHITPTQGFNIKSVQSQGFKLNVWDIGGQRKIRPYWKNYFENTDILIYVIDSADRKRFEETGQELAELLEEEKLSCVPVLIFANKQDLLTAAPASEIAEGLNLHTIRDRVWQIQSCSALTGEGVQDGMNWVCKNVNAKKK",182
"ARF","P36406-2","MATLVVNKLGAGVDSGRQGSRGTAVVKVLECGVCEDVFSLQGDKVPRLLLCGHTVCHDCLTRLPLHGRAIRCPFDRQVTDLGDSGVWGLKKNFALLELLERLQNGPIGQYGAAEESIGISGESIIRCDEDEAHLASVYCTVCATHLCSECSQVTHSTKTLAKHRRVPLADKPHEKTMCSQHQVHAIEFVCLEEGCQTSPLMCCVCKEYGKHQGHKHSVLEPEANQIRASILDMAHCIRTFTEEISDYSRKLVGIVQHIEGGEQIVEDGIGMAHTEHVPGTAENARSCIRAYFYDLHETLCRQEEMALSVVDAHVREKLIWLRQQQEDMTILLSEVSAACLHCEKTLQQDDCRVVLAKQEITRLLETLQKQQQQFTEVADHIQLDASIPVTFTKDNRVHIGPKMEIRVVTLGLDGAGKTTILFKLKQDEFMQPIPTIGFNVETVEYKNLKFTIWDVGGKHKLRPLWKHYYLNTQAVVFVVDSSHRDRISEAHSELAKLLTEKELRDALLLIFANKQDVAGALSVEEITELLSLHKLCCGRSWYIQGCDARSVFQIICDQYTGKEVVTEKG",569
"ARF","P40616","MGGFFSSIFSSLFGTREMRILILGLDGAGKTTILYRLQVGEVVTTIPTIGFNVETVTYKNLKFQVWDLGGQTSIRPYWRCYYSNTDAVIYVVDSCDRDRIGISKSELVAMLEEEELRKAILVVFANKQDMEQAMTSSEMANSLGLPALKDRKWQIFKTSATKGTGLDEAMEWLVETLKSRQ",181
"ARF","P40617","MGNGLSDQTSILSNLPSFQSFHIVILGLDCAGKTTVLYRLQFNEFVNTVPTKGFNTEKIKVTLGNSKTVTFHFWDVGGQEKLRPLWKSYTRCTDGIVFVVDSVDVERMEEAKTELHKITRISENQGVPVLIVANKQDLRNSLSLSEIEKLLAMGELSSSTPWHLQPTCAIIGDGLKEGLEKLHDMIIKRRKMLRQQKKKR",200
"ARF","P61204","MGNIFGNLLKSLIGKKEMRILMVGLDAAGKTTILYKLKLGEIVTTIPTIGFNVETVEYKNISFTVWDVGGQDKIRPLWRHYFQNTQGLIFVVDSNDRERVNEAREELMRMLAEDELRDAVLLVFANKQDLPNAMNAAEITDKLGLHSLRHRNWYIQATCATSGDGLYEGLDWLANQLKNKK",181
"ARF","P62330","MGKVLSKIFGNKEMRILMLGLDAAGKTTILYKLKLGQSVTTIPTVGFNVETVTYKNVKFNVWDVGGQDKIRPLWRHYYTGTQGLIFVVDCADRDRIDEARQELHRIINDREMRDAIILIFANKQDLPDAMKPHEIQEKLGLTRIRDRNWYVQPSCATSGDGLYEGLTWLTSNYKS",175
"ARF","P84077","MGNIFANLFKGLFGKKEMRILMVGLDAAGKTTILYKLKLGEIVTTIPTIGFNVETVEYKNISFTVWDVGGQDKIRPLWRHYFQNTQGLIFVVDSNDRERVNEAREELMRMLAEDELRDAVLLVFANKQDLPNAMNAAEITDKLGLHSLRHRNWYIQATCATSGDGLYEGLDWLSNQLRNQK",181
"ARF","P84085","MGLTVSALFSRIFGKKQMRILMVGLDAAGKTTILYKLKLGEIVTTIPTIGFNVETVEYKNICFTVWDVGGQDKIRPLWRHYFQNTQGLIFVVDSNDRERVQESADELQKMLQEDELRDAVLLVFANKQDMPNAMPVSELTDKLGLQHLRSRTWYVQATCATQGTGLYDGLDWLSHELSKR",180
"ARF","Q0P5N6","MRVAGGRALSRGAELRVPGGAKHGMCLLLGATGVGKTLLVKRLQEVSSRDGKGDLGEPPPTRPTVGTNLTDIVAQRKITIRELGGCMGPIWSSYYGNCRSLLFVMDASDPTQLSASCVQLLGLLSAEQLAEASVLILFNKIDLPCYMSTEEMKSLIRLPDIIACAKQNITTAEISAREGTGLAGVLAWLQATHRAND",197
"ARF","Q13795","MYTLLSGLYKYMFQKDEYCILILGLDNAGKTTFLEQSKTRFNKNYKGMSLSKITTTVGLNIGTVDVGKARLMFWDLGGQEELQSLWDKYYAECHGVIYVIDSTDEERLAESKQAFEKVVTSEALCGVPVLVLANKQDVETCLSIPDIKTAFSDCTSKIGRRDCLTQACSALTGKGVREGIEWMVKCVVRNVHRPPRQRDIT",201
"ARF","Q6T311","MRPTWKALSHPAWPEEKNKQILVLGLDGAGKTSVLHSLASNRVQHSVAPTQGFHAVCINTEDSQMEFLEIGGSKPFRSYWEMYLSKGLLLIFVVDSADHSRLPEAKKYLHQLIAANPVLPLVVFANKQDLEAAYHITDIHEALALSEVGNDRKMFLFGTYLTKNGSEIPSTMQDAKDLIAQLAADVQ",187
"ARF","Q8N4G2","MGSLGSKNPQTKQAQVLLLGLDSAGKSTLLYKLKLAKDITTIPTIGFNVEMIELERNLSLTVWDVGGQEKMRTVWGCYCENTDGLVYVVDSTDKQRLEESQRQFEHILKNEHIKNVPVVLLANKQDMPGALTAEDITRMFKVKKLCSDRNWYVQPCCALTGEGLAQGFRKLTGFVKSHMKSRGDTLAFFKQN",192
"ARF","Q969Q4","MGSVNSRGHKAEAQVVMMGLDSAGKTTLLYKLKGHQLVETLPTVGFNVEPLKAPGHVSLTLWDVGGQAPLRASWKDYLEGTDILVYVLDSTDEARLPESAAELTEVLNDPNMAGVPFLVLANKQEAPDALPLLKIRNRLSLERFQDHCWELRGCSALTGEGLPEALQSLWSLLKSRSCMCLQARAHGAERGDSKRS",196
"ARF","Q96BM9","MIALFNKLLDWFKALFWKEEMELTLVGLQYSGKTTFVNVIASGQFNEDMIPTVGFNMRKITKGNVTIKLWDIGGQPRFRSMWERYCRGVSAIVYMVDAADQEKIEASKNELHNLLDKPQLQGIPVLVLGNKRDLPGALDEKELIEKMNLSAIQDREICCYSISCKEKDNIDITLQWLIQHSKSRRS",186
"ARF","Q96KC2","MGLIFAKLWSLFCNQEHKVIIVGLDNAGKTTILYQFLMNEVVHTSPTIGSNVEEIVVKNTHFLMWDIGGQESLRSSWNTYYSNTEFIILVVDSIDRERLAITKEELYRMLAHEDLRKAAVLIFANKQDMKGCMTAAEISKYLTLSSIKDHPWHIQSCCALTGEGLCQGLEWMTSRIGVR",179
"ARF","Q9H0F7","MGLLDRLSVLLGLKKKEVHVLCLGLDNSGKTTIINKLKPSNAQSQNILPTIGFSIEKFKSSSLSFTVFDMSGQGRYRNLWEHYYKEGQAIIFVIDSSDRLRMVVAKEELDTLLNHPDIKHRRIPILFFANKMDLRDAVTSVKVSQLLCLENIKDKPWHICASDAIKGEGLQEGVDWLQDQIQTVKT",186
"ARF","Q9NR31","MSFIFEWIYNGFSSVLQFLGLYKKSGKLVFLGLDNAGKTTLLHMLKDDRLGQHVPTLHPTSEELTIAGMTFTTFDLGGHEQARRVWKNYLPAINGIVFLVDCADHSRLVESKVELNALMTDETISNVPILILGNKIDRTDAISEEKLREIFGLYGQTTGKGNVTLKELNARPMEVFMCSVLKRQGYGEGFRWLSQYID",198
"ARF","Q9NVJ2","MLALISRLLDWFRSLFWKEEMELTLVGLQYSGKTTFVNVIASGQFSEDMIPTVGFNMRKVTKGNVTIKIWDIGGQPRFRSMWERYCRGVNAIVYMIDAADREKIEASRNELHNLLDKPQLQGIPVLVLGNKRDLPNALDEKQLIEKMNLSAIQDREICCYSISCKEKDNIDITLQWLIQHSKSRRS",186
"ARF","Q9NXU5","MSDLRITEAFLYMDYLCFRALCCKGPPPARPEYDLVCIGLTGSGKTSLLSKLCSESPDNVVSTTGFSIKAVPFQNAILNVKELGGADNIRKYWSRYYQGSQGVIFVLDSASSEDDLEAARNELHSALQHPQLCTLPFLILANHQDKPAARSVQEIKKYFELEPLARGKRWILQPCSLDDMDALKDSFSQLINLLEEKDHEAVRM",204
"ARF","Q9Y689","MGILFTRIWRLFNHQEHKVIIVGLDNAGKTTILYQFSMNEVVHTSPTIGSNVEEIVINNTRFLMWDIGGQESLRSSWNTYYTNTEFVIVVVDSTDRERISVTREELYKMLAHEDLRKAGLLIFANKQDVKECMTVAEISQFLKLTSIKDHQWHIQACCALTGEGLCQGLEWMMSRLKIR",179
"ARF","Q9Y6B6","MSFIFDWIYSGFSSVLQFLGLYKKTGKLVFLGLDNAGKTTLLHMLKDDRLGQHVPTLHPTSEELTIAGMTFTTFDLGGHVQARRVWKNYLPAINGIVFLVDCADHERLLESKEELDSLMTDETIANVPILILGNKIDRPEAISEERLREMFGLYGQTTGKGSISLKELNARPLEVFMCSVLKRQGYGEGFRWMAQYID",198
"RAB","A4D1S5","MHFSSSARAADENFDYLFKIILIGDSNVGKTCVVQHFKSGVYTETQQNTIGVDFTVRSLDIDGKKVKMQVWDTAGQERFRTITQSYYRSAHAAIIAYDLTRRSTFESIPHWIHEIEKYGAANVVIMLIGNKCDLWEKRHVLFEDACTLAEKYGLLAVLETSAKESKNIEEVFVLMAKELIARNSLHLYGESALNGLPLDSSPVLMAQGPSEKTHCTC",217
"RAB","A8MSP2","MDLQRPDSYQGGAGPDFNDHVLHKTILVGDSGVGKTSLLVQFDQGKFIPGSFSATVGIGFTNKVVTVDGVRVKLQIWDTAGQERFRSVTHAYYRDAQALLLLYDITNKSSFDNIRAWLTEIHEYAQRDVVIMLLGNKADMSSERVIRSEDGETLAREYGVPFLETSAKTGMNVELAFLAIAK",182
"RAB","O00194","MTDGDYDYLIKLLALGDSGVGKTTFLYRYTDNKFNPKFITTVGIDFREKRVVYNAQGPNGSSGKAFKVHLQLWDTAGQERFRSLTTAFFRDAMGFLLMFDLTSQQSFLNVRNWMSQLQANAYCENPDIVLIGNKADLPDQREVNERQARELADKYGIPYFETSAATGQNVEKAVETLLDLIMKRMEQCVEKTQIPDTVNGGNSGNLDGEKPPEKKCIC",218
"RAB","O14966","MGSRDHLFKVLVVGDAAVGKTSLVQRYSQDSFSKHYKSTVGVDFALKVLQWSDYEIVRLQLWDIAGQERFTSMTRLYYRDASACVIMFDVTNATTFSNSQRWKQDLDSKLTLPNGEPVPCLLLANKCDLSPWAVSRDQIDRFSKENGFTGWTETSVKENKNINEAMRVLIEKMMRNSTEDIMSLSTQGDYINLQTKSSSWSCC",203
"RAB","O95716","MASAGDTQAGPRDAADQNFDYMFKLLLIGNSSVGKTSFLFRYADDSFTPAFVSTVGIDFKVKTVYRHDKRIKLQIWDTAGQERYRTITTAYYRGAMGFLLMYDIANQESFAAVQDWATQIKTYSWDNAQVILVGNKCDLEDERVVPAEDGRRLADDLGFEFFEASAKENINVKQVFERLVDVICEKMNESLEPSSSSGSNGKGPAVGDAPAPQPSSCSC",219
"RAB","O95755","MVIAGASWMLGRAAASPTQTPPTTSTIRVARRSRVALVAMVIAAAGSGGPGRAEPQLSQPSLDCGRMRSSLTPLGPPVSRDRVIASFPKWYTPEACLQLREHFHGQVSAACQRRNTGTVGLKLSKVVVVGDLYVGKTSLIHRFCKNVFDRDYKATIGVDFEIERFEIAGIPYSLQIWDTAGQEKFKCIASAYYRGAQVIITAFDLTDVQTLEHTRQWLEDALRENEAGSCFIFLVGTKKDLLSGAACEQAEADAVHLAREMQAEYWSVSAKTGENVKAFFSRVAALAFEQSVLQDLERQSSARLQVGNGDLIQMEGSPPETQESKRPSSLGCC",333
"RAB","P20336","MASATDSRYGQKESSDQNFDYMFKILIIGNSSVGKTSFLFRYADDSFTPAFVSTVGIDFKVKTIYRNDKRIKLQIWDTAGQERYRTITTAYYRGAMGFILMYDITNEESFNAVQDWSTQIKTYSWDNAQVLLVGNKCDMEDERVVSSERGRQLADHLGFEFFEASAKDNINVKQTFERLVDVICEKMSESLDTADPAVTGAKQGPQLSDQQVPPHQDCAC",220
"RAB","P20337","MASVTDGKTGVKDASDQNFDYMFKLLIIGNSSVGKTSFLFRYADDTFTPAFVSTVGIDFKVKTVYRHEKRVKLQIWDTAGQERYRTITTAYYRGAMGFILMYDITNEESFNAVQDWATQIKTYSWDNAQVILVGNKCDMEEERVVPTEKGQLLAEQLGFDFFEASAKENISVRQAFERLVDAICDKMSDSLDTDPSMLGSSKNTRLSDTPPLLQQNCSC",219
"RAB","P20339","MASRGATRPNGPNTGNKICQFKLVLLGESAVGKSSLVLRFVKGQFHEFQESTIGAAFLTQTVCLDDTTVKFEIWDTAGQERYHSLAPMYYRGAQAAIVVYDITNEESFARAKNWVKELQRQASPNIVIALSGNKADLANKRAVDFQEAQSYADDNSLLFMETSAKTSMNVNEIFMAIAKKLPKNEPQNPGANSARGRGVDLTEPTQPTRNQCCSN",215
"RAB","P20340-2","MSTGGDFGNPLRKFKLVFLGEQSVGKTSLITRFMYDSFDNTYQATIGIDFLSKTMYLEDRTIRLQLWDTAGQERFRSLIPSYIRDSAAAVVVYDITNVNSFQQTTKWIDDVRTERGSDVIIMLVGNKTDLADKRQVSIEEGERKAKELNVMFIETSAKAGYNVKQLFRRVAAALPGMESTQDRSREDMIDIKLEKPQEQPVSEGGCSC",208
"RAB","P20340","MSTGGDFGNPLRKFKLVFLGEQSVGKTSLITRFMYDSFDNTYQATIGIDFLSKTMYLEDRTVRLQLWDTAGQERFRSLIPSYIRDSTVAVVVYDITNVNSFQQTTKWIDDVRTERGSDVIIMLVGNKTDLADKRQVSIEEGERKAKELNVMFIETSAKAGYNVKQLFRRVAAALPGMESTQDRSREDMIDIKLEKPQEQPVSEGGCSC",208
"RAB","P51148","MAGRGGAARPNGPAAGNKICQFKLVLLGESAVGKSSLVLRFVKGQFHEYQESTIGAAFLTQTVCLDDTTVKFEIWDTAGQERYHSLAPMYYRGAQAAIVVYDITNTDTFARAKNWVKELQRQASPNIVIALAGNKADLASKRAVEFQEAQAYADDNSLLFMETSAKTAMNVNEIFMAIAKKLPKNEPQNATGAPGRNRGVDLQENNPASRSQCCSN",216
"RAB","P51149","MTSRKKVLLKVIILGDSGVGKTSLMNQYVNKKFSNQYKATIGADFLTKEVMVDDRLVTMQIWDTAGQERFQSLGVAFYRGADCCVLVFDVTAPNTFKTLDSWRDEFLIQASPRDPENFPFVVLGNKIDLENRQVATKRAQAWCYSKNNIPYFETSAKEAINVEQAFQTIARNALKQETEVELYNEFPEPIKLDKNDRAKASAESCSC",207
"RAB","P51151","MAGKSSLFKVILLGDGGVGKSSLMNRYVTNKFDTQLFHTIGVEFLNKDLEVDGHFVTMQIWDTAGQERFRSLRTPFYRGSDCCLLTFSVDDSQSFQNLSNWKKEFIYYADVKEPESFPFVILGNKIDISERQVSTEEAQAWCRDNGDYPYFETSAKDATNVAAAFEEAVRRVLATEDRSDHLIQTDTVNLHRKPKPSSSCC",201
"RAB","P51153","MAKAYDHLFKLLLIGDSGVGKTCLIIRFAEDNFNNTYISTIGIDFKIRTVDIEGKKIKLQVWDTAGQERFKTITTAYYRGAMGIILVYDITDEKSFENIQNWMKSIKENASAGVERLLLGNKCDMEAKRKVQKEQADKLAREHGIRFFETSAKSSMNVDEAFSSLARDILLKSGGRRSGNGNKPPSTDLKTCDKKNTNKCSLG",203
"RAB","P51157-2","MSDSEEESQDRQLKIVVLGDGASGKTSLTTCFAQETFGKQYKQTIGLDFFLRRITLPGNLNVTLQIWDIGGQTIGGKMLDKYIYGAQGVLLVYDITNYQSFENLEDWYTVVKKVSEESETQPLVALVGNKIDLEHMRTIKPEKHLRFCQENGFSSHFVSAKTGDSVFLCFQKVAAEILGIKLNKAEIEQSQRIVRAEIVKYPEEENQHTTSTQSRICSVQ",220
"RAB","P51159","MSDGDYDYLIKFLALGDSGVGKTSVLYQYTDGKFNSKFITTVGIDFREKRVVYRASGPDGATGRGQRIHLQLWDTAGQERFRSLTTAFFRDAMGFLLLFDLTNEQSFLNVRNWISQLQMHAYCENPDIVLCGNKSDLEDQRVVKEEEAIALAEKYGIPYFETSAANGTNISQAIEMLLDLIMKRMERCVDKSWIPEGVVRSNGHASTDQLSEEKEKGACGC",221
"RAB","P57735","MGNGTEEDYNFVFKVVLIGESGVGKTNLLSRFTRNEFSHDSRTTIGVEFSTRTVMLGTAAVKAQIWDTAGLERYRAITSAYYRGAVGALLVFDLTKHQTYAVVERWLKELYDHAEATIVVMLVGNKSDLSQAREVPTEEARMFAENNGLLFLETSALDSTNVELAFETVLKEIFAKVSKQRQNSIRTNAITLGSAQAGQEPGPGEKRACCISL",213
"RAB","P59190-2","MAKQYDVLFRLLLIGDSGVGKTCLLCRFTDNEFHSSHISTIGVDFKMKTIEVDGIKVRIQIWDTAGQERYQTITKQYYRRAQGIFLVYDISSERSYQHIMKWVSDVDEVGDATSLPGCGEGASPGKARRGPDGKANASRKLCLPQPWMKTSGTHQKASRRSLLGIRLMRSRNGRWEESKGSSWRRSMAWTSMKQVPAPTSTLKSHSRV",208
"RAB","P61006","MAKTYDYLFKLLLIGDSGVGKTCVLFRFSEDAFNSTFISTIGIDFKIRTIELDGKRIKLQIWDTAGQERFRTITTAYYRGAMGIMLVYDITNEKSFDNIRNWIRNIEEHASADVEKMILGNKCDVNDKRQVSKERGEKLALDYGIKFMETSAKANINVENAFFTLARDIKAKMDKKLEGNSPQGSNQGVKITPDQQKRSSFFRCVLL",207
"RAB","P61019","MAYAYLFKYIIIGDTGVGKSCLLLQFTDKRFQPVHDLTIGVEFGARMITIDGKQIKLQIWDTAGQESFRSITRSYYRGAAGALLVYDITRRDTFNHLTTWLEDARQHSNSNMVIMLIGNKSDLESRREVKKEEGEAFAREHGLIFMETSAKTASNVEEAFINTAKEIYEKIQEGVFDINNEANGIKIGPQHAATNATHAGNQGGQQAGGGCC",212
"RAB","P61020","MTSRSTARPNGQPQASKICQFKLVLLGESAVGKSSLVLRFVKGQFHEYQESTIGAAFLTQSVCLDDTTVKFEIWDTAGQERYHSLAPMYYRGAQAAIVVYDITNQETFARAKTWVKELQRQASPSIVIALAGNKADLANKRMVEYEEAQAYADDNSLLFMETSAKTAMNVNDLFLAIAKKLPKSEPQNLGGAAGRSRGVDLHEQSQQNKSQCCSN",215
"RAB","P61026","MAKKTYDLLFKLLLIGDSGVGKTCVLFRFSDDAFNTTFISTIGIDFKIKTVELQGKKIKLQIWDTAGQERFHTITTSYYRGAMGIMLVYDITNGKSFENISKWLRNIDEHANEDVERMLLGNKCDMDDKRVVPKGKGEQIAREHGIRFFETSAKANINIEKAFLTLAEDILRKTPVKEPNSENVDISSGGGVTGWKSKCC",200
"RAB","P61106","MATAPYNYSYIFKYIIIGDMGVGKSCLLHQFTEKKFMADCPHTIGVEFGTRIIEVSGQKIKLQIWDTAGQERFRAVTRSYYRGAAGALMVYDITRRSTYNHLSSWLTDARNLTNPNTVIILIGNKADLEAQRDVTYEEAKQFAEENGLLFLEASAKTGENVEDAFLEAAKKIYQNIQDGSLDLNAAESGVQHKPSAPQGGRLTSEPQPQREGCGC",215
"RAB","P62491","MGTRDDEYDYLFKVVLIGDSGVGKSNLLSRFTRNEFNLESKSTIGVEFATRSIQVDGKTIKAQIWDTAGQERYRAITSAYYRGAVGALLVYDIAKHLTYENVERWLKELRDHADSNIVIMLVGNKSDLRHLRAVPTDEARAFAEKNGLSFIETSALDSTNVEAAFQTILTEIYRIVSQKQMSDRRENDMSPSNNVVPIHVPPTTENKPKVQCCQNI",216
"RAB","P62820","MSSMNPEYDYLFKLLLIGDSGVGKSCLLLRFADDTYTESYISTIGVDFKIRTIELDGKTIKLQIWDTAGQERFRTITSSYYRGAHGIIVVYDVTDQESFNNVKQWLQEIDRYASENVNKLLVGNKCDLTTKKVVDYTTAKEFADSLGIPFLETSAKNATNVEQSFMTMAAEIKKRMGPGATAGGAEKSNVKIQSTPVKQSGGGCC",205
"RAB","Q12829","MSALGSPVRAYDFLLKFLLVGDSDVGKGEILASLQDGAAESPYGHPAGIDYKTTTILLDGRRVKLQLWDTSGQGRFCTIFRSYSRGAQGVILVYDIANRWSFDGIDRWIKEIDEHAPGVPKILVGNRLHLAFKRQVPTEQAQAYAERLGVTFFEVSPLCNFNITESFTELARIVLLRHGMDRLWRPSKVLSLQDLCCRAVVSCTPVHLVDKLPLPIALRSHLKSFSMANGLNARMMHGGSYSLTTSSTHKRSSLRKVKLVRPPQSPPKNCTRNSCKIS",278
"RAB","Q13637","MAGGGAGDPGLGAAAAPAPETREHLFKVLVIGELGVGKTSIIKRYVHQLFSQHYRATIGVDFALKVLNWDSRTLVRLQLWDIAGQERFGNMTRVYYKEAVGAFVVFDISRSSTFEAVLKWKSDLDSKVHLPNGSPIPAVLLANKCDQNKDSSQSPSQVDQFCKEHGFAGWFETSAKDNINIEEAARFLVEKILVNHQSFPNEENDVDKIKLDQETLRAENKSQCC",225
"RAB","Q14088","MAQPILGHGSLQPASAAGLASLELDSSLDQYVQIRIFKIIVIGDSNVGKTCLTFRFCGGTFPDKTEATIGVDFREKTVEIEGEKIKVQVWDTAGQERFRKSMVEHYYRNVHAVVFVYDVTKMTSFTNLKMWIQECNGHAVPPLVPKVLVGNKCDLREQIQVPSNLALKFADAHNMLLFETSAKDPKESQNVESIFMCLACRLKAQKSLLYRDAERQQGKVQKLEFPQEANSKTSCPC",237
"RAB","Q14964","METIWIYQFRLIVIGDSTVGKSCLLHRFTQGRFPGLRSPACDPTVGVDFFSRLLEIEPGKRIKLQLWDTAGQERFRSITRSYYRNSVGGFLVFDITNRRSFEHVKDWLEEAKMYVQPFRIVFLLVGHKCDLASQRQVTREEAEKLSADCGMKYIETSAKDATNVEESFTILTRDIYELIKKGEICIQDGWEGVKSGFVPNTVHSSEEAVKPRKECFC",217
"RAB","Q15286","MARDYDHLFKLLIIGDSGVGKSSLLLRFADNTFSGSYITTIGVDFKIRTVEINGEKVKLQIWDTAGQERFRTITSTYYRGTHGVIVVYDVTSAESFVNVKRWLHEINQNCDDVCRILVGNKNDDPERKVVETEDAYKFAGQMGIQLFETSAKENVNVEEMFNCITELVLRAKKDNLAKQQQQQQNDVVKLTKNSKRKKRCC",201
"RAB","Q15771","MSMEDYDFLFKIVLIGNAGVGKTCLVRRFTQGLFPPGQGATIGVDFMIKTVEINGEKVKLQIWDTAGQERFRSITQSYYRSANALILTYDITCEESFRCLPEWLREIEQYASNKVITVLVGNKIDLAERREVSQQRAEEFSEAQDMYYLETSAKESDNVEKLFLDLACRLISEARQNTLVNNVSSPLPGEGKSISYLTCCNFN",203
"RAB","Q15907","MGTRDDEYDYLFKVVLIGDSGVGKSNLLSRFTRNEFNLESKSTIGVEFATRSIQVDGKTIKAQIWDTAGQERYRAITSAYYRGAVGALLVYDIAKHLTYENVERWLKELRDHADSNIVIMLVGNKSDLRHLRAVPTDEARAFAEKNNLSFIETSALDSTNVEEAFKNILTEIYRIVSQKQIADRAAHDESPGNNVVDISVPPTTDGQKPNKLQCCQNL",218
"RAB","Q53EY4","MMAIRELKVCLLGDTGVGKSSIVCRFVQDHFDHNISPTIGASFMTKTVPCGNELHKFLIWDTAGQERFHSLAPMYYRGSAAAVIVYDITKQDSFYTLKKWVKELKEHGPENIVMAIAGNKCDLSDIREVPLKDAKEYAESIGAIVVETSAKNAINIEELFQGISRQIPPLDPHENGNNGTVKVEKPTMQASRRCC",195
"RAB","Q6FIG4","MNPEYDYLFKLLLIGDSGVGKSCLLLRFADDTYTENYISTIGVDFKIRTIELDGKTIKLQIWDTAGQERFRTITSSYYRGAHGIIVVYDVTDQESYANVKQWLQEIDRYASENVNKLLVGNKSDLTTKKVVDNTTAKEFADSLGIPFLETSAKNATNVEQAFMTMAAEIKKRMGPGAASGGERPNLKIDSTPVKPAGGGCC",201
"RAB","Q7Z4W7","MQAPHKEHLYKLLVIGDLGVGKTSIIKRYVHQNFSSHYRATIGVDFALKVLHWDPETVVRLQLWDIAGQERFGNMTRVYYREAMGAFIVFDVTRPATFEAVAKWKNDLDSKLSLPNGKPVSVVLLANKCDQGKDVLMNNGLKMDQFCKEHGFVGWFETSAKENINIDEASRCLVKHILANECDLMESIEPDVVKPHLTSTKVASCSWLVQTS",212
"RAB","Q86YS6","MAGPGPGPGDPDEQYDFLFKLVLVGDASVGKTCVVQRFKTGAFSERQGSTIGVDFTMKTLEIQGKRVKLQIWDTAGQERFRTITQSYYRSANGAILAYDITKRSSFLSVPHWIEDVRKYAGSNIVQLLIGNKSDLSELREVSLAEAQSLAEHYDILCAIETSAKDSSNVEEAFLRVATELIMRHGGPLFSEKSPDHIQLNSKDIGEGWGCGC",212
"RAB","Q8IZ41","MEADGDGEELARLRSVFAACDANRSGRLEREEFRALCTELRVRPADAEAVFQRLDADRDGAITFQEFARGFLGSLRGGRRRDWGPLDPAPAVSEAGPETHDSEEDEGDEDAAAALATSCGPASPGRAWQDFQARLGDEAKFIPREEQVSTLYQNINLVEPRLIQPYEHVIKNFIREIRLQSTEMENLAIAVKRAQDKAAMQLSELEEEMDQRIQAAEHKTRKDEKRKAEEALSDLRRQYETEVGDLQVTIKKLRKLEEQSKRVSQKEDVAALKKQIYDLSMENQKVKKDLLEAQTNIAFLQSELDALKSDYADQSLNTERDLEIIRAYTEDRNSLERQIEILQTANRKLHDSNDGLRSALENSYSKFNRSLHINNISPGNTISRSSPKFIGHSPQPLGYDRSSRSSYVDEDCDSLALCDPLQRTNCEVDSLPESCFDSGLSTLRDPNEYDSEVEYKHQRGFQRSHGVQESFGGDASDTDVPDIRDEETFGLEDVASVLDWKPQGSVSEGSIVSSSRKPISALSPQTDLVDDNAKSFSSQKAYKIVLAGDAAVGKSSFLMRLCKNEFRENISATLGVDFQMKTLIVDGERTVLQLWDTAGQERFRSIAKSYFRKADGVLLLYDVTCEKSFLNIREWVDMIEDAAHETVPIMLVGNKADIRDTAATEGQKCVPGHFGEKLAMTYGALFCETSAKDGSNIVEAVLHLAREVKKRTDKDDSRSITNLTGTNSKKSPQMKNCCNG",740
"RAB","Q8WUD1","MTYAYLFKYIIIGDTGVGKSCLLLQFTDKRFQPVHDLTIGVEFGARMVNIDGKQIKLQIWDTAGQESFRSITRSYYRGAAGALLVYDITRRETFNHLTSWLEDARQHSSSNMVIMLIGNKSDLESRRDVKREEGEAFAREHGLIFMETSAKTACNVEEAFINTAKEIYRKIQQGLFDVHNEANGIKIGPQQSISTSVGPSASQRNSRDIGSNSGCC",216
"RAB","Q8WXH6","MSAPGSPDQAYDFLLKFLLVGDRDVGKSEILESLQDGAAESPYSHLGGIDYKTTTILLDGQRVKLKLWDTSGQGRFCTIFRSYSRGAQGVILVYDIANRWSFEGMDRWIKKIEEHAPGVPKILVGNRLHLAFKRQVPREQAQAYAERLGVTFFEVSPLCNFNIIESFTELARIVLLRHRMNWLGRPSKVLSLQDLCCRTIVSCTPVHLVDKLPLPSTLRSHLKSFSMAKGLNARMMRGLSYSLTTSSTHKSSLCKVEIVCPPQSPPKNCTRNSCKIS",277
"RAB","Q92930","MAKTYDYLFKLLLIGDSGVGKTCLLFRFSEDAFNTTFISTIGIDFKIRTIELDGKKIKLQIWDTAGQERFRTITTAYYRGAMGIMLVYDITNEKSFDNIKNWIRNIEEHASSDVERMILGNKCDMNDKRQVSKERGEKLAIDYGIKFLETSAKSSANVEEAFFTLARDIMTKLNRKMNDSNSAGAGGPVKITENRSKKTSFFRCSLL",207
"RAB","Q969Q5","MSGQRVDVKVVMLGKEYVGKTSLVERYVHDRFLVGPYQNTIGAAFVAKVMSVGDRTVTLGIWDTAGSERYEAMSRIYYRGAKAAIVCYDLTDSSSFERAKFWVKELRSLEEGCQIYLCGTKSDLLEEDRRRRRVDFHDVQDYADNIKAQLFETSSKTGQSVDELFQKVAEDYVSVAAFQVMTEDKGVDLGQKPNPYFYSCCHH",203
"RAB","Q96AH8","MNPRKKVDLKLIIVGAIGVGKTSLLHQYVHKTFYEEYQTTLGASILSKIIILGDTTLKLQIWDTGGQERFRSMVSTFYKGSDGCILAFDVTDLESFEALDIWRGDVLAKIVPMEQSYPMVLLGNKIDLADRKVPQEVAQGWCREKDIPYFEVSAKNDINVVQAFEMLASRALSRYQSILENHLTESIKLSPDQSRSRCC",199
"RAB","Q96DA2","MEAIWLYQFRLIVIGDSTVGKSCLIRRFTEGRFAQVSDPTVGVDFFSRLVEIEPGKRIKLQIWDTAGQERFRSITRAYYRNSVGGLLLFDITNRRSFQNVHEWLEETKVHVQPYQIVFVLVGHKCDLDTQRQVTRHEAEKLAAAYGMKYIETSARDAINVEKAFTDLTRDIYELVKRGEITIQEGWEGVKSGFVPNVVHSSEEVVKSERRCLC",213
"RAB","Q96E17","MRHEAPMQMASAQDARYGQKDSSDQNFDYMFKLLIIGNSSVGKTSFLFRYADDSFTSAFVSTVGIDFKVKTVFKNEKRIKLQIWDTAGQERYRTITTAYYRGAMGFILMYDITNEESFNAVQDWSTQIKTYSWDNAQVILVGNKCDMEDERVISTERGQHLGEQLGFEFFETSAKDNINVKQTFERLVDIICDKMSESLETDPAITAAKQNTRLKETPPPPQPNCAC",227
"RAB","Q96S21","MGSQGSPVKSYDYLLKFLLVGDSDVGKGEILESLQDGAAESPYAYSNGIDYKTTTILLDGRRVKLELWDTSGQGRFCTIFRSYSRGAQGILLVYDITNRWSFDGIDRWIKEIDEHAPGVPRILVGNRLHLAFKRQVPTEQARAYAEKNCMTFFEVSPLCNFNVIESFTELSRIVLMRHGMEKIWRPNRVFSLQDLCCRAIVSCTPVHLIDKLPLPVTIKSHLKSFSMANGMNAVMMHGRSYSLASGAGGGGSKGNSLKRSKSIRPPQSPPQNCSRSNCKIS",281
"RAB","Q9BW83-2","MVKLAAKCILADPAVGKTALAQIFRSDGAHFQKSYTLTTGMDLVVKTVPVPDTGDSVELFIFDSAGKELFSEMLDKLWESPNVLCLVYDVTNEESFNNCSKWLEKARSQAPGISLPGVLVGNKTDLAGRRAVDSAEARAWALGQGLECFETSVKEMENFEAPFHCLAKQFHQLYREKVEVFRALA",185
"RAB","Q9BZG1","MNILAPVRRDRVLAELPQCLRKEAALHGHKDFHPRVTCACQEHRTGTVGFKISKVIVVGDLSVGKTCLINRFCKDTFDKNYKATIGVDFEMERFEVLGIPFSLQLWDTAGQERFKCIASTYYRGAQAIIIVFNLNDVASLEHTKQWLADALKENDPSSVLLFLVGSKKDLSTPAQYALMEKDALQVAQEMKAEYWAVSSLTGENVREFFFRVAALTFEANVLAELEKSGARRIGDVVRINSDDSNLYLTASKKKPTCCP",259
"RAB","Q9H082","MAEEMESSLEASFSSSGAVSGASGFLPPARSRIFKIIVIGDSNVGKTCLTYRFCAGRFPDRTEATIGVDFRERAVEIDGERIKIQLWDTAGQERFRKSMVQHYYRNVHAVVFVYDMTNMASFHSLPSWIEECKQHLLANDIPRILVGNKCDLRSAIQVPTDLAQKFADTHSMPLFETSAKNPNDNDHVEAIFMTLAHKLKSHKPLMLSQPPDNGIILKPEPKPAMTCWC",229
"RAB","Q9H0N0","MSAGGDFGNPLRKFKLVFLGEQSVAKTSLITRFRYDSFDNTYQAIIGIDFLSKTMYLEDGTIGLRLWDTAGQERLRSLIPRYIRDSAAAVVVYDITNVNSFQQTTKWIDDVRTERGSDVIITLVGNRTDLADKRQVSVEEGERKAKGLNVTFIETRAKAGYNVKQLFRRVAAALPGMESTQDGSREDMSDIKLEKPQEQTVSEGGCSCYSPMSSSTLPQKPPYSFIDCSVNIGLNLFPSLITFCNSSLLPVSWR",254
"RAB","Q9H0T7","MAQAHRTPQPRAAPSQPRVFKLVLLGSGSVGKSSLALRYVKNDFKSILPTVGCAFFTKVVDVGATSLKLEIWDTAGQEKYHSVCHLYFRGANAALLVYDITRKDSFLKAQQWLKDLEEELHPGEVLVMLVGNKTDLSQEREVTFQEGKEFADSQKLLFMETSAKLNHQVSEVFNTVAQELLQRSDEEGQALRGDAAVALNKGPARQAKCCAH",212
"RAB","Q9H0U4","MNPEYDYLFKLLLIGDSGVGKSCLLLRFADDTYTESYISTIGVDFKIRTIELDGKTIKLQIWDTAGQERFRTITSSYYRGAHGIIVVYDVTDQESYANVKQWLQEIDRYASENVNKLLVGNKSDLTTKKVVDNTTAKEFADSLGIPFLETSAKNATNVEQAFMTMAAEIKKRMGPGAASGGERPNLKIDSTPVKPAGGGCC",201
"RAB","Q9NP72","MDEDVLTTLKILIIGESGVGKSSLLLRFTDDTFDPELAATIGVDFKVKTISVDGNKAKLAIWDTAGQERFRTLTPSYYRGAQGVILVYDVTRRDTFVKLDNWLNELETYCTRNDIVNMLVGNKIDKENREVDRNEGLKFARKHSMLFIEASAKTCDGVQCAFEELVEKIIQTPGLWESENQNKGVKLSHREEGQGGGACGGYCSVL",206
"RAB","Q9NP90","MSGKSLLLKVILLGDGGVGKSSLMNRYVTNKFDSQAFHTIGVEFLNRDLEVDGRFVTLQIWDTAGQERFKSLRTPFYRGADCCLLTFSVDDRQSFENLGNWQKEFIYYADVKDPEHFPFVVLGNKVDKEDRQVTTEEAQTWCMENGDYPYLETSAKDDTNVTVAFEEAVRQVLAVEEQLEHCMLGHTIDLNSGSKAGSSCC",201
"RAB","Q9NRW1","MSAGGDFGNPLRKFKLVFLGEQSVGKTSLITRFMYDSFDNTYQATIGIDFLSKTMYLEDRTVRLQLWDTAGQERFRSLIPSYIRDSTVAVVVYDITNLNSFQQTSKWIDDVRTERGSDVIIMLVGNKTDLADKRQITIEEGEQRAKELSVMFIETSAKTGYNVKQLFRRVASALPGMENVQEKSKEGMIDIKLDKPQEPPASEGGCSC",208
"RAB","Q9UL25","MAAAGGGGGGAAAAGRAYSFKVVLLGEGCVGKTSLVLRYCENKFNDKHITTLQASFLTKKLNIGGKRVNLAIWDTAGQERFHALGPIYYRDSNGAILVYDITDEDSFQKVKNWVKELRKMLGNEICLCIVGNKIDLEKERHVSIQEAESYAESVGAKHYHTSAKQNKGIEELFLDLCKRMIETAQVDERAKGNGSSQPGTARRGVQIIDDEPQAQTSGGGCCSSG",225
"RAB","Q9UL26","MALRELKVCLLGDTGVGKSSIVWRFVEDSFDPNINPTIGASFMTKTVQYQNELHKFLIWDTAGQERFRALAPMYYRGSAAAIIVYDITKEETFSTLKNWVKELRQHGPPNIVVAIAGNKCDLIDVREVMERDAKDYADSIHAIFVETSAKNAININELFIEISRRIPSTDANLPSGGKGFKLRRQPSEPKRSCC",194
"RAB","Q9ULC3","MLEEDMEVAIKMVVVGNGAVGKSSMIQRYCKGIFTKDYKKTIGVDFLERQIQVNDEDVRLMLWDTAGQEEFDAITKAYYRGAQACVLVFSTTDRESFEAVSSWREKVVAEVGDIPTVLVQNKIDLLDDSCIKNEEAEALAKRLKLRFYRTSVKEDLNVNEVFKYLAEKYLQKLKQQIAEDPELTHSSSNKIGVFNTSGGSHSGQNSGTLNGGDVINLRPNKQRTKKNRNPFSSCSIP",237
"RAB","Q9ULW5","MSRKKTPKSKGASTPAASTLPTANGARPARSGTALSGPDAPPNGPLQPGRPSLGGGVDFYDVAFKVMLVGDSGVGKTCLLVRFKDGAFLAGTFISTVGIDFRNKVLDVDGVKVKLQMWDTAGQERFRSVTHAYYRDAHALLLLYDVTNKASFDNIQAWLTEIHEYAQHDVALMLLGNKVDSAHERVVKREDGEKLAKEYGLPFMETSAKTGLNVDLAFTAIAKELKQRSMKAPSEPRFRLHDYVKREGRGASCCRP",256
"RAB","U6DTY3","MQFSSSSRGADENFDYLFKIILIGDSNVGKTCVVQHFKSGVYTETQQNTIGVDFTVRSLEIDGKKVKMQVWDTAGQE",77
"RAS","O14807","MATSAVPSDNLPTYKLVVVGDGGVGKSALTIQFFQKIFVPDYDPTIEDSYLKHTEIDNQWAILDVLDTAGQEEFSAMREQYMRTGDGFLIVYSVTDKASFEHVDRFHQLILRVKDRESFPMILVANKVDLMHLRKITREQGKEMATKHNIPYIETSAKDPPLNVDKAFHDLVRVIRQQIPEKSQKKKKKTKWRGDRATGTHKLQCVIL",208
"RAS","O75628","MTLNTEQEAKTPLHRRASTPLPLSPRGHQPGRLSTVPSTQSQHPRLGQSASLNPPTQKPSPAPDDWSSESSDSEGSWEALYRVVLLGDPGVGKTSLASLFAGKQERDLHEQLGEDVYERTLTVDGEDTTLVVVDTWEAEKLDKSWSQESCLQGGSAYVIVYSIADRGSFESASELRIQLRRTHQADHVPIILVGNKADLARCREVSVEEGRACAVVFDCKFIETSATLQHNVAELFEGVVRQLRLRRRDSAAKEPPAPRRPASLAQRARRFLARLTARSARRRALKARSKSCHNLAVL",298
"RAS","O95057","MPEQSNDYRVVVFGAGGVGKSSLVLRFVKGTFRDTYIPTIEDTYRQVISCDKSVCTLQITDTTGSHQFPAMQRLSISKGHAFILVFSVTSKQSLEELGPIYKLIVQIKGSVEDIPVMLVGNKCDETQREVDTREAQAVAQEWKCAFMETSAKMNYNVKELFQELLTLETRRNMSLNIDGKRSGKQKRTDRVKGKCTLM",198
"RAS","O95661","MGNASFGSKEQKLLKRLRLLPALLILRAFKPHRKIRDYRVVVVGTAGVGKSTLLHKWASGNFRHEYLPTIENTYCQLLGCSHGVLSLHITDSKSGDGNRALQRHVIARGHAFVLVYSVTKKETLEELKAFYELICKIKGNNLHKFPIVLVGNKSDDTHREVALNDGATCAMEWNCAFMEISAKTDVNVQELFHMLLNYKKKPTTGLQEPEKKSQMPNTTEKLLDKCIIM",229
"RAS","P01111","MTEYKLVVVGAGGVGKSALTIQLIQNHFVDEYDPTIEDSYRKQVVIDGETCLLDILDTAGQEEYSAMRDQYMRTGEGFLCVFAINNSKSFADINLYREQIKRVKDSDDVPMVLVGNKCDLPTRTVDTKQAHELAKSYGIPFIETSAKTRQGVEDAFYTLVREIRQYRMKKLNSSDDGTQGCMGLPCVVM",189
"RAS","P01112","MTEYKLVVVGAGGVGKSALTIQLIQNHFVDEYDPTIEDSYRKQVVIDGETCLLDILDTAGQEEYSAMRDQYMRTGEGFLCVFAINNTKSFEDIHQYREQIKRVKDSDDVPMVLVGNKCDLAARTVESRQAQDLARSYGIPYIETSAKTRQGVEDAFYTLVREIRQHKLRKLNPPDESGPGCMSCKCVLS",189
"RAS","P10114","MREYKVVVLGSGGVGKSALTVQFVTGTFIEKYDPTIEDFYRKEIEVDSSPSVLEILDTAGTEQFASMRDLYIKNGQGFILVYSLVNQQSFQDIKPMRDQIIRVKRYEKVPVILVGNKVDLESEREVSSSEGRALAEEWGCPFMETSAKSKTMVDELFAEIVRQMNYAAQPDKDDPCCSACNIQ",183
"RAS","P10301","MSSGAASGTGRGRPRGGGPGPGDPPPSETHKLVVVGGGGVGKSALTIQFIQSYFVSDYDPTIEDSYTKICSVDGIPARLDILDTAGQEEFGAMREQYMRAGHGFLLVFAINDRQSFNEVGKLFTQILRVKDRDDFPVVLVGNKADLESQRQVPRSEASAFGASHHVAYFEASAKLRLNVDEAFEQLVRAVRKYQEQELPPSPPSAPRKKGGGCPCVLL",218
"RAS","P11233","MAANKPKGQNSLALHKVIMVGSGGVGKSALTLQFMYDEFVEDYEPTKADSYRKKVVLDGEEVQIDILDTAGQEDYAAIRDNYFRSGEGFLCVFSITEMESFAATADFREQILRVKEDENVPFLLVGNKSDLEDKRQVSVEEAKNRAEQWNVNYVETSAKTRANVDKVFFDLMREIRARKMEDSKEKNGKKKRKSLAKRIRERCCIL",206
"RAS","P11234","MAANKSKGQSSLALHKVIMVGSGGVGKSALTLQFMYDEFVEDYEPTKADSYRKKVVLDGEEVQIDILDTAGQEDYAAIRDNYFRSGEGFLLVFSITEHESFTATAEFREQILRVKAEEDKIPLLVVGNKSDLEERRQVPVEEARSKAEEWGVQYVETSAKTRANVDKVFFDLMREIRTKKMSENKDKNGKKSSKNKKSFKERCCLL",206
"RAS","P55040","MTLNNVTMRQGTVGMQPQQQRWSIPADGRHLMVQKEPHQYSHRNRHSATPEDHCRRSWSSDSTDSVISSESGNTYYRVVLIGEQGVGKSTLANIFAGVHDSMDSDCEVLGEDTYERTLMVDGESATIILLDMWENKGENEWLHDHCMQVGDAYLIVYSITDRASFEKASELRIQLRRARQTEDIPIILVGNKSDLVRCREVSVSEGRACAVVFDCKFIETSAAVQHNVKELFEGIVRQVRLRRDSKEKNERRLAYQKRKESMPRKARRFWGKIVAKNNKNMAFKLKSKSCHDLSVL",296
"RAS","P55042","MTLNGGGSGAGGSRGGGQERERRRGSTPWGPAPPLHRRSMPVDERDLQAALTPGALTAAAAGTGTQGPRLDWPEDSEDSLSSGGSDSDESVYKVLLLGAPGVGKSALARIFGGVEDGPEAEAAGHTYDRSIVVDGEEASLMVYDIWEQDGGRWLPGHCMAMGDAYVIVYSVTDKGSFEKASELRVQLRRARQTDDVPIILVGNKSDLVRSREVSVDEGRACAVVFDCKFIETSAALHHNVQALFEGVVRQIRLRRDSKEANARRQAGTRRRESLGKKAKRFLGRIVARNSRKMAFRAKSKSCHDLSVL",308
"RAS","P61224","MREYKLVVLGSGGVGKSALTVQFVQGIFVEKYDPTIEDSYRKQVEVDAQQCMLEILDTAGTEQFTAMRDLYMKNGQGFALVYSITAQSTFNDLQDLREQILRVKDTDDVPMILVGNKCDLEDERVVGKEQGQNLARQWNNCAFLESSAKSKINVNEIFYDLVRQINRKTPVPGKARKKSSCQLL",184
"RAS","P61225","MREYKVVVLGSGGVGKSALTVQFVTGSFIEKYDPTIEDFYRKEIEVDSSPSVLEILDTAGTEQFASMRDLYIKNGQGFILVYSLVNQQSFQDIKPMRDQIIRVKRYERVPMILVGNKVDLEGEREVSYGEGKALAEEWSCPFMETSAKNKASVDELFAEIVRQMNYAAQPNGDEGCCSACVIL",183
"RAS","P62834","MREYKLVVLGSGGVGKSALTVQFVQGIFVEKYDPTIEDSYRKQVEVDCQQCMLEILDTAGTEQFTAMRDLYMKNGQGFALVYSITAQSTFNDLQDLREQILRVKDTEDVPMILVGNKCDLEDERVVGKEQGQNLARQWCNCAFLESSAKSKINVNEIFYDLVRQINRKTPVEKKKPKKKSCLLL",184
"RAS","Q15382","MPQSKSRKIAILGYRSVGKSSLTIQFVEGQFVDSYDPTIENTFTKLITVNGQEYHLQLVDTAGQDEYSIFPQTYSIDINGYILVYSVTSIKSFEVIKVIHGKLLDMVGKVQIPIMLVGNKKDLHMERVISYEEGKALAESWNAAFLESSAKENQTAVDVFRRIILEAEKMDGAASQGKSSCSVM",184
"RAS","Q6T310","MRPLSMSGHFLLAPIPESSSDYLLPKDIKLAVLGAGRVGKSAMIVRFLTKRFIGDYEPNTGKLYSRLVYVEGDQLSLQIQDTPGGVQIQDSLPQVVDSLSKCVQWAEGFLLVYSITDYDSYLSIRPLYQHIRKVHPDSKAPVIIVGNKGDLLHARQVQTQDGIQLANELGSLFLEISTSENYEDVCDVFQHLCKEVSKMHGLSGERRRASIIPRPRSPNMQDLKRRFKQALSPKVKAPSALG",242
"RAS","Q7Z444","MELPTKPGTFDLGLATWSPSFQGETHRAQARRRDVGRQLPEYKAVVVGASGVGKSALTIQLNHQCFVEDHDPTIQDSYWKELTLDSGDCILNVLDTAGQAIHRALRDQCLAVCDGVLGVFALDDPSSLIQLQQIWATWGPHPAQPLVLVGNKCDLVTTAGDAHAAAAALAHSWGAHFVETSAKTRQGVEEAFSLLVHEIQRVQEAMAKEPMARSCREKTRHQKATCHCGCSVA",233
"RAS","Q8IYK8","MHTDLDTDMDMDTETTALCPSGSRRASPPGTPTPEADATLLKKSEKLLAELDRSGLPSAPGAPRRRGSMPVPYKHQLRRAQAVDELDWPPQASSSGSSDSLGSGEAAPAQKDGIFKVMLVGESGVGKSTLAGTFGGLQGDSAHEPENPEDTYERRIMVDKEEVTLVVYDIWEQGDAGGWLRDHCLQTGDAFLIVFSVTDRRSFSKVPETLLRLRAGRPHHDLPVILVGNKSDLARSREVSLEEGRHLAGTLSCKHIETSAALHHNTRELFEGAVRQIRLRRGRNHAGGQRPDPGSPEGPAPPARRESLTKKAKRFLANLVPRNAKFFKQRSRSCHDLSVL",340
"RAS","Q8TAI7","MPLVRYRKVVILGYRCVGKTSLAHQFVEGEFSEGYDPTVENTYSKIVTLGKDEFHLHLVDTAGQDEYSILPYSFIIGVHGYVLVYSVTSLHSFQVIESLYQKLHEGHGKTRVPVVLVGNKADLSPEREVQAVEGKKLAESWGATFMESSARENQLTQGIFTKVIQEIARVENSYGQERRCHLM",183
"RAS","Q92737","MGGSLRVAVLGAPGVGKTAIIRQFLFGDYPERHRPTDGPRLYRPAVLLDGAVYDLSIRDGDVAGPGSSPGGPEEWPDAKDWSLQDTDAFVLVYDICSPDSFDYVKALRQRIAETRPAGAPEAPILVVGNKRDRQRLRFGPRRALAALVRRGWRCGYLECSAKYNWHVLRLFRELLRCALVRARPAHPALRLQGALHPARCSLM",203
"RAS","Q92963","MDSGTRPVGSCCSSPAGLSREYKLVMLGAGGVGKSAMTMQFISHRFPEDHDPTIEDAYKIRIRIDDEPANLDILDTAGQAEFTAMRDQYMRAGEGFIICYSITDRRSFHEVREFKQLIYRVRRTDDTPVVLVGNKSDLKQLRQVTKEEGLALAREFSCPFFETSAAYRYYIDDVFHALVREIRRKEKEAVLAMEKKSKPKNSVWKRLKSPFRKKKDSVT",219
"RAS","Q96A58","MAKSAEVKLAIFGRAGVGKSALVVRFLTKRFIWEYDPTLESTYRHQATIDDEVVSMEILDTAGQEDTIQREGHMRWGEGFVLVYDITDRGSFEEVLPLKNILDEIKKPKNVTLILVGNKADLDHSRQVSTEEGEKLATELACAFYECSACTGEGNITEIFYELCREVRRRRMVQGKTRRRSSTTHVKQAINKMLTKISS",199
"RAS","Q96D21","MMKTLSSGNCTLSVPAKNSYRMVVLGASRVGKSSIVSRFLNGRFEDQYTPTIEDFHRKVYNIRGDMYQLDILDTSGNHPFPAMRRLSILTGDVFILVFSLDNRESFDEVKRLQKQILEVKSCLKNKTKEAAELPMVICGNKNDHGELCRQVPTTEAELLVSGDENCAYFEVSAKKNTNVDEMFYVLFSMAKLPHEMSPALHRKISVQYGDAFHPRPFCMRRVKEMDAYGMVSPFARRPSVNSDLKYIKAKVLREGQARERDKCTIQ",266
"RAS","Q96HU8","MPEQSNDYRVAVFGAGGVGKSSLVLRFVKGTFRESYIPTVEDTYRQVISCDKSICTLQITDTTGSHQFPAMQRLSISKGHAFILVYSITSRQSLEELKPIYEQICEIKGDVESIPIMLVGNKCDESPSREVQSSEAEALARTWKCAFMETSAKLNHNVKELFQELLNLEKRRTVSLQIDGKKSKQQKRKEKLKGKCVIM",199
"RAS","Q96S79","MVSTYRVAVLGARGVGKSAIVRQFLYNEFSEVCVPTTARRLYLPAVVMNGHVHDLQILDFPPISAFPVNTLQEWADTCCRGLRSVHAYILVYDICCFDSFEYVKTIRQQILETRVIGTSETPIIIVGNKRDLQRGRVIPRWNVSHLVRKTWKCGYVECSAKYNWHILLLFSELLKSVGCARCKHVHAALRFQGALRRNRCAIM",203
"RAS","Q99578","MEVENEASCSPGSASGGSREYKVVMLGAGGVGKSAMTMQFISHQFPDYHDPTIEDAYKTQVRIDNEPAYLDILDTAGQAEFTAMREQYMRGGEGFIICYSVTDRQSFQEAAKFKELIFQVRHTYEIPLVLVGNKIDLEQFRQVSTEEGLSLAQEYNCGFFETSAALRFCIDDAFHGLVREIRKKESMPSLMEKKLKRKDSLWKKLKGSLKKKRENMT",217
"RAS","Q9BPW5","MRLIQNMCTIAEYPAPGNAAASDCCVGAAGRRLVKIAVVGASGVGKTALVVRFLTKRFIGDYERNAGNLYTRQVQIEGETLALQVQDTPGIQVHENSLSCSEQLNRCIRWADAVVIVFSITDYKSYELISQLHQHVQQLHLGTRLPVVVVANKADLLHIKQVDPQLGLQLASMLGCSFYEVSVSENYNDVYSAFHVLCKEVSHKQQPSSTPEKRRTSLIPRPKSPNMQDLKRRFKQALSAKVRTVTSV",248
"RAS","Q9H628","MSNFLHLKYNEKSVSVTKALTVRFLTKRFIGEYASNFESIYKKHLCLERKQLNLEIYDPCSQTQKAKFSLTSELHWADGFVIVYDISDRSSFAFAKALIYRIREPQTSHCKRAVESAVFLVGNKRDLCHVREVGWEEGQKLALENRCQFCELSAAEQSLEVEMMFIRIIKDILINFKLKEKRRPSGSKSMAKLINNVFGKRRKSV",205
"RAS","Q9NYN1","MSSVFGKPRAGSGPQSAPLEVNLAILGRRGAGKSALTVKFLTKRFISEYDPNLEDTYSSEETVDHQPVHLRVMDTADLDTPRNCERYLNWAHAFLVVYSVDSRQSFDSSSSYLELLALHAKETQRSIPALLLGNKLDMAQYRQVTKAEGVALAGRFGCLFFEVSACLDFEHVQHVFHEAVREARRELEKSPLTRPLFISEERALPHQAPLTARHGLASCTFNTLSTINLKEMPTVAQAKLVTVKSSRAQSKRKAPTLTLLKGFKIF",266
"RAS","Q9NYR9","MGKSCKVVVCGQASVGKTSILEQLLYGNHVVGSEMIETQEDIYVGSIETDRGVREQVRFYDTRGLRDGAELPRHCFSCTDGYVLVYSTDSRESFQRVELLKKEIDKSKDKKEVTIVVLGNKCDLQEQRRVDPDVAQHWAKSEKVKLWEVSVADRRSLLEPFVYLASKMTQPQSKSAFPLSRKNKGSGSLDG",191
"RAS","Q9NYS0","MGKGCKVVVCGLLSVGKTAILEQLLYGNHTIGMEDCETMEDVYMASVETDRGVKEQLHLYDTRGLQEGVELPKHYFSFADGFVLVYSVNNLESFQRVELLKKEIDKFKDKKEVAIVVLGNKIDLSEQRQVDAEVAQQWAKSEKVRLWEVTVTDRKTLIEPFTLLASKLSQPQSKSSFPLPGRKNKGNSNSEN",192
"RAS","Q9Y272","MKLAAMIKKMCPSDSELSIPAKNCYRMVILGSSKVGKTAIVSRFLTGRFEDAYTPTIEDFHRKFYSIRGEVYQLDILDTSGNHPFPAMRRLSILTGDVFILVFSLDNRDSFEEVQRLRQQILDTKSCLKNKTKENVDVPLVICGNKGDRDFYREVDQREIEQLVGDDPQRCAYFEISAKKNSSLDQMFRALFAMAKLPSEMSPDLHRKVSVQYCDVLHKKALRNKKLLRAGSGGGGGDPGDAFGIVAPFARRPSVHSDLMYIREKASAGSQAKDKERCVIS",281
"RAS","Q9Y3L5","MREYKVVVLGSGGVGKSALTVQFVTGTFIEKYDPTIEDFYRKEIEVDSSPSVLEILDTAGTEQFASMRDLYIKNGQGFILVYSLVNQQSFQDIKPMRDQIVRVKRYEKVPLILVGNKVDLEPEREVMSSEGRALAQEWGCPFMETSAKSKSMVDELFAEIVRQMNYSSLPEKQDQCCTTCVVQ",183
"RHO","O00212","MTAAQAAGEEAPPGVRSVKVVLVGDGGCGKTSLLMVFADGAFPESYTPTVFERYMVNLQVKGKPVHLHIWDTAGQDDYDRLRPLFYPDASVLLLCFDVTSPNSFDNIFNRWYPEVNHFCKKVPIIVVGCKTDLRKDKSLVNKLRRNGLEPVTYHRGQEMARSVGAVAYLECSARLHDNVHAVFQEAAEVALSSRGRNFWRRITQGFCVVT",210
"RHO","O94844","MDADMDYERPNVETIKCVVVGDNAVGKTRLICARACNTTLTQYQLLATHVPTVWAIDQYRVCQEVLERSRDVVDEVSVSLRLWDTFGDHHKDRRFAYGRSDVVVLCFSIANPNSLNHVKSMWYPEIKHFCPRTPVILVGCQLDLRYADLEAVNRARRPLARPIKRGDILPPEKGREVAKELGLPYYETSVFDQFGIKDVFDNAIRAALISRRHLQFWKSHLKKVQKPLLQAPFLPPKAPPPVIKIPECPSMGTNEAACLLDNPLCADVLFILQDQEHIFAHRIYLATSSSKFYDLFLMECEESPNGSEGACEKEKQSRDFQGRILSVDPEEEREEGPPRIPQADQWKSSNKSLVEALGLEAEGAVPETQTLTGWSKGFIGMHREMQVNPISKRMGPMTVVRMDASVQPGPFRTLLQFLYTGQLDEKEKDLVGLAQIAEVLEMFDLRMMVENIMNKEAFMNQEITKAFHVRKANRIKECLSKGTFSDVTFKLDDGAISAHKPLLICSCEWMAAMFGGSFVESANSEVYLPNINKISMQAVLDYLYTKQLSPNLDLDPLELIALANRFCLPHLVALAEQHAVQELTKAATSGVGIDGEVLSYLELAQFHNAHQLAAWCLHHICTNYNSVCSKFRKEIKSKSADNQEYFERHRWPPVWYLKEEDHYQRVKREREKEDIALNKHRSRRKWCFWNSSPAVA",696
"RHO","P15153","MQAIKCVVVGDGAVGKTCLLISYTTNAFPGEYIPTVFDNYSANVMVDSKPVNLGLWDTAGQEDYDRLRPLSYPQTDVFLICFSLVSPASYENVRAKWFPEVRHHCPSTPIILVGTKLDLRDDKDTIEKLKEKKLAPITYPQGLALAKEIDSVKYLECSALTQRGLKTVFDEAIRAVLCPQPTRQQKRACSLL",192
"RHO","P17081","MAHGPGALMLKCVVVGDGAVGKTCLLMSYANDAFPEEYVPTVFDHYAVSVTVGGKQYLLGLYDTAGQEDYDRLRPLSYPMTDVFLICFSVVNPASFQNVKEEWVPELKEYAPNVPFLLIGTQIDLRDDPKTLARLNDMKEKPICVEQGQKLAKEIGACCYVECSALTQKGLKTVFDEAIIAILTPKKHTVKKRIGSRCINCCLIT",205
"RHO","P52198","MEGQSGRCKIVVVGDAECGKTALLQVFAKDAYPGSYVPTVFENYTASFEIDKRRIELNMWDTSGSSYYDNVRPLAYPDSDAVLICFDISRPETLDSVLKKWQGETQEFCPNAKVVLVGCKLDMRTDLATLRELSKQRLIPVTHEQGTVLAKQVGAVSYVECSSRSSERSVRDVFHVATVASLGRGHRQLRRTDSRRGMQRSAQLSGRPDRGNEGEIHKDRAKSCNLM",227
"RHO","P60763","MQAIKCVVVGDGAVGKTCLLISYTTNAFPGEYIPTVFDNYSANVMVDGKPVNLGLWDTAGQEDYDRLRPLSYPQTDVFLICFSLVSPASFENVRAKWYPEVRHHCPHTPILLVGTKLDLRDDKDTIERLRDKKLAPITYPQGLAMAREIGSVKYLECSALTQRGLKTVFDEAIRAVLCPPPVKKPGKKCTVF",192
"RHO","P61586","MAAIRKKLVIVGDGACGKTCLLIVFSKDQFPEVYVPTVFENYVADIEVDGKQVELALWDTAGQEDYDRLRPLSYPDTDVILMCFSIDSPDSLENIPEKWTPEVKHFCPNVPIILVGNKKDLRNDEHTRRELAKMKQEPVKPEEGRDMANRIGAFGYMECSAKTKDGVREVFEMATRAALQARRGKKKSGCLVL",193
"RHO","P61587","MKERRASQKLSSKSIMDPNQNVKCKIVVVGDSQCGKTALLHVFAKDCFPENYVPTVFENYTASFEIDTQRIELSLWDTSGSPYYDNVRPLSYPDSDAVLICFDISRPETLDSVLKKWKGEIQEFCPNTKMLLVGCKSDLRTDVSTLVELSNHRQTPVSYDQGANMAKQIGAATYIECSALQSENSVRDIFHVATLACVNKTNKNVKRNKSQRATKRISHMPSRPELSAVATDLRKDKAKSCTVM",244
"RHO","P62745","MAAIRKKLVVVGDGACGKTCLLIVFSKDEFPEVYVPTVFENYVADIEVDGKQVELALWDTAGQEDYDRLRPLSYPDTDVILMCFSVDSPDSLENIPEKWVPEVKHFCPNVPIILVANKKDLRSDEHVRTELARMKQEPVRTDDGRAMAVRIQAYDYLECSAKTKEGVREVFETATRAALQKRYGSQNGCINCCKVL",196
"RHO","P63000-2","MQAIKCVVVGDGAVGKTCLLISYTTNAFPGEYIPTVFDNYSANVMVDGKPVNLGLWDTAGQEDYDRLRPLSYPQTVGETYGKDITSRGKDKPIADVFLICFSLVSPASFENVRAKWYPEVRHHCPNTPIILVGTKLDLRDDKDTIEKLKEKKLTPITYPQGLAMAKEIGAVKYLECSALTQRGLKTVFDEAIRAVLCPPPVKKRKRKCLLL",211
"RHO","P63000","MQAIKCVVVGDGAVGKTCLLISYTTNAFPGEYIPTVFDNYSANVMVDGKPVNLGLWDTAGQEDYDRLRPLSYPQTDVFLICFSLVSPASFENVRAKWYPEVRHHCPNTPIILVGTKLDLRDDKDTIEKLKEKKLTPITYPQGLAMAKEIGAVKYLECSALTQRGLKTVFDEAIRAVLCPPPVKKRKRKCLLL",192
"RHO","P84095","MQSIKCVVVGDGAVGKTCLLICYTTNAFPKEYIPTVFDNYSAQSAVDGRTVNLNLWDTAGQEEYDRLRTLSYPQTNVFVICFSIASPPSYENVRHKWHPEVCHHCPDVPILLVGTKKDLRAQPDTLRRLKEQGQAPITPQQGQALAKQIHAVRYLECSALQQDGVKEVFAEAVRAVLNPTPIKRGRSCILL",191
"RHO","Q15669","MLSSIKCVLVGDSAVGKTSLLVRFTSETFPEAYKPTVYENTGVDVFMDGIQISLGLWDTAGNDAFRSIRPLSYQQADVVLMCYSVANHNSFLNLKNKWIGEIRSNLPCTPVLVVATQTDQREMGPHRASCVNAMEGKKLAQDVRAKGYLECSALSNRGVQQVFECAVRTAVNQARRRNRRRLFSINECKIF",191
"RHO","Q7L0Q8","MPPQQGDPAFPDRCEAPPVPPRRERGGRGGRGPGEPGGRGRAGGAEGRGVKCVLVGDGAVGKTSLVVSYTTNGYPTEYIPTAFDNFSAVVSVDGRPVRLQLCDTAGQDEFDKLRPLCYTNTDIFLLCFSVVSPSSFQNVSEKWVPEIRCHCPKAPIILVGTQSDLREDVKVLIELDKCKEKPVPEEAAKLCAEEIKAASYIECSALTQKNLKEVFDAAIVAGIQYSDTQQQPKKSKSRTPDKMKNLSKSWWKKYCCFV",258
"RHO","Q92730","MKERRAPQPVVARCKLVLVGDVQCGKTAMLQVLAKDCYPETYVPTVFENYTACLETEEQRVELSLWDTSGSPYYDNVRPLCYSDSDAVLLCFDISRPETVDSALKKWRTEILDYCPSTRVLLIGCKTDLRTDLSTLMELSHQKQAPISYEQGCAIAKQLGAEIYLEGSAFTSEKSIHSIFRTASMLCLNKPSPLPQKSPVRSLSKRLLHLPSRSELISSTFKKEKAKSCSIM",232
"RHO","Q96L33","MPPRELSEAEPPPLRAPTPPPRRRSAPPELGIKCVLVGDGAVGKSSLIVSYTCNGYPARYRPTALDTFSVQVLVDGAPVRIELWDTAGQEDFDRLRSLCYPDTDVFLACFSVVQPSSFQNITEKWLPEIRTHNPQAPVLLVGTQADLRDDVNVLIQLDQGGREGPVPQPQAQGLAEKIRACCYLECSALTQKNLKEVFDSAILSAIEHKARLEKKLNAKGVRTLSRCRWKKFFCFV",236
"RHO","Q9BYZ6","MDSDMDYERPNVETIKCVVVGDNAVGKTRLICARACNATLTQYQLLATHVPTVWAIDQYRVCQEVLERSRDVVDDVSVSLRLWDTFGDHHKDRRFAYGRSDVVVLCFSIANPNSLHHVKTMWYPEIKHFCPRAPVILVGCQLDLRYADLEAVNRARRPLARPIKPNEILPPEKGREVAKELGIPYYETSVVAQFGIKDVFDNAIRAALISRRHLQFWKSHLRNVQRPLLQAPFLPPKPPPPIIVVPDPPSSSEECPAHLLEDPLCADVILVLQERVRIFAHKIYLSTSSSKFYDLFLMDLSEGELGGPSEPGGTHPEDHQGHSDQHHHHHHHHHGRDFLLRAASFDVCESVDEAGGSGPAGLRASTSDGILRGNGTGYLPGRGRVLSSWSRAFVSIQEEMAEDPLTYKSRLMVVVKMDSSIQPGPFRAVLKYLYTGELDENERDLMHIAHIAELLEVFDLRMMVANILNNEAFMNQEITKAFHVRRTNRVKECLAKGTFSDVTFILDDGTISAHKPLLISSCDWMAAMFGGPFVESSTREVVFPYTSKSCMRAVLEYLYTGMFTSSPDLDDMKLIILANRLCLPHLVALTEQYTVTGLMEATQMMVDIDGDVLVFLELAQFHCAYQLADWCLHHICTNYNNVCRKFPRDMKAMSPENQEYFEKHRWPPVWYLKEEDHYQRARKEREKEDYLHLKRQPKRRWLFWNSPSSPSSSAASSSSPSSSSAVV",727
"RHO","Q9H4E5","MNCKEGTDSSCGCRGNDEKKMLKCVVVGDGAVGKTCLLMSYANDAFPEEYVPTVFDHYAVTVTVGGKQHLLGLYDTAGQEDYNQLRPLSYPNTDVFLICFSVVNPASYHNVQEEWVPELKDCMPHVPYVLIGTQIDLRDDPKTLARLLYMKEKPLTYEHGVKLAKAIGAQCYLECSALTQKGLKAVFDEAILTIFHPKKKKKRCSEGHSCCSII",214
"RHO","Q9HBH0","MDAPGALAQTAAPGPGRKELKIVIVGDGGCGKTSLLMVYSQGSFPEHYAPSVFEKYTASVTVGSKEVTLNLYDTAGQEDYDRLRPLSYQNTHLVLICYDVMNPTSYDNVLIKWFPEVTHFCRGIPMVLIGCKTDLRKDKEQLRKLRAAQLEPITYMQGLSACEQIRAALYLECSAKFRENVEDVFREAAKVALSALKKAQRQKKRRLCLLL",211
