"globin","pdbID","seq"
"Alpha-RowData","1fhj-A.pdb","VLSPADKTNIKSTWDKIGGHAGDYGGEALDRTFQSFPTTKTYFPHFDLSPGSAQVKAHGKKVADALTTAVAHLDDLPGALSALSDLHAYKLRVDPVNFKLLSHCLLVTLACHHPTEFTPAVHASLDKFFTAVSTVLTSKYR"
"Alpha-RowData","1fsx-A.pdb","VLSAADKGNVKAAWGKVGGHAAEYGAEALERMFLSFPTTKTYFPHFDLSHGSAQVKGHGAKVAAALTKAVEHLDDLPGALSELSDLHAHKLRVDPVNFKLLSHSLLVTLASHLPSDFTPAVHASLDKFLANVSTVLTSKYR"
"Alpha-RowData","1hds-A.pdb","VLSAANKSNVKAAWGKVGGNAPAYGAQALQRMFLSFPTTKTYFPHFDLSHGSAQQKAHGQKVANALTKAQGHLNDLPGTLSNLSNLHAHKLRVNPVNFKLLSHSLLVTLASHLPTNFTPAVHANLNKFLANDSTVLTSKYR"
"Alpha-RowData","1qpw-A.pdb","VLSAADKANVKAAWGKVGGQAGAHGAEALERMFLGFPTTKTYFPHFNLSHGSDQVKAHGQKVADALTKAVGHLDDLPGALSALSDLHAHKLRVDPVNFKLLSHCLLVTLAAHHPDDFNPSVHASLDKFLANVSTVLTSKYR"
"Alpha-RowData","1s0h-A.pdb","VLSAADKTNVKAAWSKVGGNAGEFGAEALERMFLGFPTTKTYFPHFDLSHGSAQVKAHGKKVGDALTLAVGHLDDLPGALSNLSDLHAHKLRVDPVNFKLLSHCLLSTLAVHLPNDFTPAVHASLDKFLSSVSTVLTSKYR"
"Alpha-RowData","2b7h-A.pdb","VLSPADKTNIKSTWDKIGGHAGDYGGEALDRTFQSFPTTKTYFPHFDLSPGSAQVKAHGKKVADALTTAVAHLDDLPGALSALSDLHAYKLRVDPVNFKLLSHCLLVTLACHHPTEFTPAVHASLDKFFTAVSTVLTSKYR"
"Alpha-RowData","2dhb-A.pdb","VLSAADKTNVKAAWSKVGGHAGEYGAEALERMFLGFPTTKTYFPHFDLSHGSAQVKAHGKKVADGLTLAVGHLDDLPGALSDLSNLHAHKLRVDPVNFKLLSHCLLSTLAVHLPNDFTPAVHASLDKFLSSVSTVLTSKYR"
"Alpha-RowData","2dn1-A.pdb","LSPADKTNVKAAWGKVGAHAGEYGAEALERMFLSFPTTKTYFPHFDLSHGSAQVKGHGKKVADALTNAVAHVDDMPNALSALSDLHAHKLRVDPVNFKLLSHCLLVTLAAHLPAEFTPAVHASLDKFLASVSTVLTSKYR"
"Alpha-RowData","2qu0-A.pdb","VLSAADKSNVKAAWGKVGGNAGAYGAEALERMFLSFPTTKTYFPHFDLSHGSAQVKGHGEKVAAALTKAVGHLDDLPGTLSDLSDLHAHKLRVDPVNFKLLSHSLLVTLACHLPNDFTPAVHASLDKFLANVSTVLTSKYR"
"Alpha-RowData","2rao-A.pdb","VLSPADKTNIKTAWEKIGSHGGEYGAEAVERMFLGFPTTKTYFPHFDFTHGSEQIKAHGKKVSEALTKAVGHLDDLPGALSTLSDLHAHKLRVDPVNFKLLSHCLLVTLANHHPSEFTPAVHASLDKFLANVSTVLTSKYR"
"Alpha-RowData","3a0g-A.pdb","VLSAADKNNVKTTWDKIGGHAAEYVAEGLTRMFTSFPTTKTYFHHIDVSPGSGDIKAHGKKVADALTTAVGHLDDLPTALSTLSDVHAHKLRVDPVNFKFLNHCLLVTLAAHLGADFTPSIHASLDKFFASVSTVLTSK"
"Alpha-RowData","3cy5-A.pdb","VLSAADKSNIQAAWGKVGGHAADYGAEALERMFLSFPTTKTYFPHFDLSHGSAQVKGHGAKVANALTKAVGHLDDLPGALSELSDLHAHKLRVDPVNFKLLSHSLLVTLASHLPNDFTPAVHASLDKFLASVSTVLTSKYR"
"Alpha-RowData","3d1a-A.pdb","VLSAADKSNVKAAWGKVGGNAGAYGAEALERMFLSFPTTKTYFPHFDLSHGSAQVKGHGEKVAAALTKAVGHLDDLPGTLSDLSDLHAHKLRVDPVNFKLLSHSLLVTLACHLPNDFTPAVHASLDKFLANVSTVLTSKYR"
"Alpha-RowData","3d4x-A.pdb","VLSAADKSNVKACWGKIGSHAGEYGAEALERTFCSFPTTKTYFPHFDLSHGSAQVKAHGQKVADALTQAVAHMDDLPTAMSALSDLHAYKLRVDPVNFKFLSHCLLVTLACHHPAEFTPAVHASLDKFFSAVSTVLTSKYR"
"Alpha-RowData","3dht-A.pdb","VLSADDKTNIKNCWGKIGGHGGEYGEEALQRMFAAFPTTKTYFSHIDVSPGSAQVKAHGKKVADALAKAADHVEDLPGALSTLSDLHAHKLRVDPVNFKFLSHCLLVTLACHHPGDFTPAMHASLDKFLASVSTVLTSK"
"Alpha-RowData","3fh9-A.pdb","VLSSTDKSNVKAAWDKVGGNVGEYGAEALERMFLSFPTTKTYFPHFDLAHGSSQVKAHGKKVGDALTNAVGHIDDLPGALSALSDLHAYKLRVDPVNFKLLSHCLLVTLASHLPSDFTPAVHASLDKFLASVSTVLTSKYR"
"Alpha-RowData","3gdj-A.pdb","VLSSKDKTNVKTAFGKIGGHAAEYGAEALERMFLGFPTTKTYFPHFDLSHGSAQVKAHGKKVGDALTKAADHLDDLPSALSALSDLHAHKLRVDPVNFKLLSHCLLVTVAAHHPGDFTPSVHASLDKFLANVSTVLTSKYR"
"Alpha-RowData","3gou-A.pdb","VLSPADKTNIKSTWDKIGGHAGDYGGEALDRTFQSFPTTKTYFPHFDLSPGSAQVKAHGKKVADALTTAVAHLDDLPGALSALSDLHAYKLRVDPVNFKLLSHCLLVTLACHHPTEFTPAVHASLDKFFAAVSTVLTSKYR"
"Alpha-RowData","3lqd-A.pdb","VLSPADKTNIKTAWEKIGSHGGEYGAEAVERMFLGFPTTKTYFPHFDFTHGSEQIKAHGKKVSEALTKAVGHLDDLPGALSALSDLHAHKLRVDPVNFKLLSHCLLVTLANHHPSEFTPAVHASLDKFLANVSTVLTSKYR"
"Alpha-RowData","3vre-A.pdb","VLSDNDKTNVKATWSKVGDHASDYVAEALERMFFSFPTTKTYFPHFDLSHGSGQVKGHGKKVGEALTQAVGHLDDLPSALSALSDLHAHKLRVDPVNFKLLSHCLLVTLSSHQPTEFTPEVHASLDKFLSNVSTVLTSKYR"
"Alpha-RowData","4yu3-A.pdb","VLSPADKTNIKASWEKIGSHGGEYGAEALERTFLCFPTTKTYFPHFDLSHGSAQVKAHGKKVADALTNAVGHLDDLPGALSALSDLHAYKLRVDPVNFKLLSHCLLVTLASHHPAEFTPAVHASLDKFLSSVSTVLTSKYR"
"Beta-RowData","1fhj-B.pdb","VHLTAEEKSLVSGLWGKVNVDEVGGEALGRLLIVYPWTQRFFDSFGDLSTPDAVMSNAKVKAHGKKVLNSFSDGLKNLDNLKGTFAKLSELHCDKLHVDPENFKLLGNVLVCVLAHHFGKEFTPQVQAAYQKVVAGVANALAHKYH"
"Beta-RowData","1fsx-B.pdb","MLTAEEKAAVTAFWGKVKVDEVGGEALGRLLVVYPWTQRFFESFGDLSTADAVMNNPKVKAHGKKVLDSFSNGMKHLDDLKGTFAALSELHCDKLHVDPENFKLLGNVLVVVLARNFGKEFTPVLQADFQKVVAGVANALAHRYH"
"Beta-RowData","1hds-B.pdb","MLTAEEKAAVTGFWGKVDVDVVGAQALGRLLVVYPWTQRFFQHFGNLSSAGAVMNNPKVKAHGKRVLDAFTQGLKHLDDLKGAFAQLSGLHCNKLHVNPQNFRLLGNVLALVVARNFGGQFTPNVQALFQKVVAGVANALAHKYH"
"Beta-RowData","1qpw-B.pdb","VHLSAEEKEAVLGLWGKVNVDEVGGEALGRLLVVYPWTQRFFESFGDLSNADAVMGNPKVKAHGKKVLQSFSDGLKHLDNLKGTFAKLSELHCDQLHVDPENFRLLGNVIVVVLARRLGHDFNPDVQAAFQKVVAGVANALAHKYH"
"Beta-RowData","1s0h-B.pdb","VQLSGEEKAAVLALWDKVNEEEVGGEALGRLLVVYPWTQRFFDSFGDLSNPGAVMGNPKVKAHGKKVLHSFGEGVHHLDNLKGTFAALSELHCDKLHVDPENFRLLGNVLVVVLARHFGKDFTPELQASYQKVVAGVANALAHKYH"
"Beta-RowData","2b7h-B.pdb","HLTAEEKSLVSGLWAKVNVDEVGGEALGRLLIVYPWTQRFFDSFGDLSTPDSVMSNAKVKAHGKKVLNSFSDGLKNLDNLKGTFAKLSELHCDKLHVDPENFKLLGNVLVCVLAHHFGKEFTPQVQAAYQKVVAGVANALAHKY"
"Beta-RowData","2dhb-B.pdb","VQLSGEEKAAVLALWDKVNEEEVGGEALGRLLVVYPWTQRFFDSFGDLSNPGAVMGNPKVKAHGKKVLHSFGEGVHHLDNLKGTFAALSELHCDKLHVDPENFRLLGNVLALVVARHFGKDFTPELQASYQKVVAGVANALAHKYH"
"Beta-RowData","2dn1-B.pdb","HLTPEEKSAVTALWGKVNVDEVGGEALGRLLVVYPWTQRFFESFGDLSTPDAVMGNPKVKAHGKKVLGAFSDGLAHLDNLKGTFATLSELHCDKLHVDPENFRLLGNVLVCVLAHHFGKEFTPPVQAAYQKVVAGVANALAHKYH"
"Beta-RowData","2qu0-B.pdb","MLTAEEKAAVTGFWGKVKVDEVGAEALGRLLVVYPWTQRFFEHFGDLSNADAVMNNPKVKAHGKKVLDSFSNGMKHLDDLKGTFAQLSELHCDKLHVDPENFRLLGNVLVVVLARHHGNEFTPVLQADFQKVVAGVANALAHKYH"
"Beta-RowData","2rao-B.pdb","VHLSSEEKSAVTALWGKVNVEEVGGEALGRLLVVYPWTQRFFESFGDLSSANAVMNNPKVKAHGKKVLAAFSEGLSHLDNLKGTFAKLSELHCDKLHVDPENFRLLGNVLVIVLSHHFGKEFTPQVQAAYQKVVAGVANALAHKYH"
"Beta-RowData","3a0g-B.pdb","VHLTAAEKSAILDLWGKVNVGEIGAEALGRLLVVYPWTQRFFEKFGDLSSASAIMSNAHVKSHGAKVLASFSEGLKHLQDLKGTFAKLSELHCDKLHVDPENFRLLGNMLTIAIAHHHPSEFTPCTQAAFQKVTAGVANALAHK"
"Beta-RowData","3cy5-B.pdb","MLTAEEKAAVTAFWGKVHVDEVGGEALGRLLVVYPWTQRFFESFGDLSTADAVMNNPKVKAHGKKVLDSFSNGMKHLDDLKGTFAALSELHCDKLHVDPENFKLLGNVLVVVLARHFGKEFTPVLQADFQKVVAGVANALAHRYH"
"Beta-RowData","3d1a-B.pdb","MLTAEEKAAVTGFWGKVKVDEVGAEALGRLLVVYPWTQRFFEHFGDLSSADAVMNNAKVKAHGKKVLDSFSNGMKHLDDLKGTFAQLSELHCDKLHVDPENFKLLGNVLVVVLARHHGSEFTPLLQAEFQKVVAGVANALAHRYH"
"Beta-RowData","3d4x-B.pdb","FLTAEEKGLVNGLWGKVNVDEVGGEALGRLLVVYPWTQRFFESFGDLSSADAIMSNAKVKAHGKKVLNSFSDGLKNIDDLKGAFAKLSELHCDKLHVDPENFRLLGNVLVCVLAHHFGHDFNPQVQAAFQKVVAGVANALAHKYH"
"Beta-RowData","3dht-B.pdb","VHLTDAEKAAVNGLWGKVNPDDVGGEALGRLLVVYPWTQRYFDSFGDLSSASAIMGNPKVKAHGKKVINAFNDGLKHLDNLKGTFAHLSELHCDKLHVDPENFRLLGNMIVIVLGHHLGKEFTPCAQAAFQKVVAGVASALAHKY"
"Beta-RowData","3fh9-B.pdb","VHLSGEEKAAVTGLWGKVKVDEVGGEALGRLLVVYPWTQRFFDSFGDLSSASAVMGNPKVKAHGKKVLDSFSEGLQHLDNLKGTFAKLSELHCDKLHVDPENFRLLGNVLVCVLARHFGKEFTPQVQAAYQKVVAGVANALAHKYH"
"Beta-RowData","3gdj-B.pdb","VHLSGDEKNAVHGLWSKVKVDEVGGEALGRLLVVYPWTRRFFESFGDLSTADAVMNNPKVKAHGSKVLNSFGDGLNHLDNLKGTYAKLSELHCDKLHVDPENFRLLGNVLVVVLARHFGKEFTPDLQAAYQKVVAGVANALAHRYH"
"Beta-RowData","3gou-B.pdb","VHLTAEEKSLVSGLWGKVNVDEVGGEALGRLLIVYPWTQRFFDSFGDLSTPDAVMSNAKVKAHGKKVLNSFSDGLKNLDNLKGTFAKLSELHCDKLHVDPENFKLLGNVLVCVLAHHFGKEFTPQVQAAYQKVVAGVANALAHKYH"
"Beta-RowData","3lqd-B.pdb","VHLSGEEKSAVTALWGKVNVEEVGGETLGRLLVVYPWTQRFFESFGDLSTASAVMGNPKVKAHGKKVLAAFSEGLSHLDNLKGTFAKLSELHCDKLHVDPENFRLLGNVLVIVLSHHFGKEFTPQVQAAYQKVVAGVANALAHKYH"
"Beta-RowData","3vre-B.pdb","VNLTAAEKTQVANLWGKVNVKELGGEALSRLLVVYPWTRRFFEHFGDLSTADAVLHNAKVLAHGEKVLTSFGEGLKHLDNLKGTFSDLSELHCDKLHVDPQNFRLLGNVLVIVLARHFGKEFTPDVQAAYEKVVAGVANALAHKYH"
"Beta-RowData","4yu3-B.pdb","VHLTAEEKAHVSGLWGKVNTEEVGGEALGRLLVVYPWTQRFFETFGDLSSANAIMNNPKVKAHGKKVLSSFSDGLKNLDNLKGTFAALSELHCDKLHVDPENFKLLGNVLVCVLAHHFGKEFTPQVQAAYQKIVAGVANALAHKYH"
